secuencia,timestamp_envio,timestamp_respuesta,exito,replica_id,latencia_ms,codigo_http,segundo_relativo,experimento,error
1,2026-09-08T04:06:47.324Z,2026-09-08T04:06:47.331Z,1,B,6.868,200,0.050,E1,
2,2026-09-08T04:06:47.374Z,2026-09-08T04:06:47.379Z,1,C,4.903,200,0.101,E1,
3,2026-09-08T04:06:47.425Z,2026-09-08T04:06:47.435Z,1,B,9.892,200,0.151,E1,
4,2026-09-08T04:06:47.475Z,2026-09-08T04:06:47.491Z,1,B,16.562,200,0.201,E1,
5,2026-09-08T04:06:47.525Z,2026-09-08T04:06:47.539Z,1,A,14.673,200,0.251,E1,
6,2026-09-08T04:06:47.574Z,2026-09-08T04:06:47.593Z,1,B,18.957,200,0.301,E1,
7,2026-09-08T04:06:47.625Z,2026-09-08T04:06:47.629Z,1,B,4.344,200,0.351,E1,
8,2026-09-08T04:06:47.674Z,2026-09-08T04:06:47.694Z,1,A,20.062,200,0.400,E1,
9,2026-09-08T04:06:47.724Z,2026-09-08T04:06:47.742Z,1,C,17.255,200,0.451,E1,
10,2026-09-08T04:06:47.776Z,2026-09-08T04:06:47.787Z,1,C,10.770,200,0.502,E1,
11,2026-09-08T04:06:47.825Z,2026-09-08T04:06:47.846Z,1,B,21.372,200,0.551,E1,
12,2026-09-08T04:06:47.875Z,2026-09-08T04:06:47.891Z,1,C,16.765,200,0.601,E1,
13,2026-09-08T04:06:47.925Z,2026-09-08T04:06:47.936Z,1,A,11.292,200,0.651,E1,
14,2026-09-08T04:06:47.974Z,2026-09-08T04:06:47.989Z,1,C,15.422,200,0.700,E1,
15,2026-09-08T04:06:48.024Z,2026-09-08T04:06:48.043Z,1,C,18.664,200,0.750,E1,
16,2026-09-08T04:06:48.074Z,2026-09-08T04:06:48.089Z,1,B,15.163,200,0.800,E1,
17,2026-09-08T04:06:48.125Z,2026-09-08T04:06:48.134Z,1,C,9.261,200,0.851,E1,
18,2026-09-08T04:06:48.174Z,2026-09-08T04:06:48.179Z,1,B,5.026,200,0.900,E1,
19,2026-09-08T04:06:48.224Z,2026-09-08T04:06:48.229Z,1,B,4.482,200,0.950,E1,
20,2026-09-08T04:06:48.275Z,2026-09-08T04:06:48.281Z,1,B,6.451,200,1.001,E1,
21,2026-09-08T04:06:48.325Z,2026-09-08T04:06:48.335Z,1,A,10.246,200,1.051,E1,
22,2026-09-08T04:06:48.374Z,2026-09-08T04:06:48.386Z,1,B,11.763,200,1.100,E1,
23,2026-09-08T04:06:48.424Z,2026-09-08T04:06:48.434Z,1,A,9.958,200,1.150,E1,
24,2026-09-08T04:06:48.474Z,2026-09-08T04:06:48.479Z,1,A,4.221,200,1.201,E1,
25,2026-09-08T04:06:48.525Z,2026-09-08T04:06:48.542Z,1,A,17.241,200,1.251,E1,
26,2026-09-08T04:06:48.575Z,2026-09-08T04:06:48.590Z,1,A,15.658,200,1.301,E1,
27,2026-09-08T04:06:48.625Z,2026-09-08T04:06:48.635Z,1,C,9.905,200,1.351,E1,
28,2026-09-08T04:06:48.675Z,2026-09-08T04:06:48.685Z,1,C,10.563,200,1.401,E1,
29,2026-09-08T04:06:48.725Z,2026-09-08T04:06:48.734Z,1,C,9.380,200,1.451,E1,
30,2026-09-08T04:06:48.774Z,2026-09-08T04:06:48.779Z,1,C,4.889,200,1.500,E1,
31,2026-09-08T04:06:48.825Z,2026-09-08T04:06:48.841Z,1,B,16.553,200,1.551,E1,
32,2026-09-08T04:06:48.875Z,2026-09-08T04:06:48.885Z,1,C,10.321,200,1.601,E1,
33,2026-09-08T04:06:48.925Z,2026-09-08T04:06:48.946Z,1,A,20.948,200,1.651,E1,
34,2026-09-08T04:06:48.975Z,2026-09-08T04:06:48.981Z,1,C,6.566,200,1.701,E1,
35,2026-09-08T04:06:49.025Z,2026-09-08T04:06:49.043Z,1,B,18.400,200,1.751,E1,
36,2026-09-08T04:06:49.074Z,2026-09-08T04:06:49.094Z,1,A,19.465,200,1.801,E1,
37,2026-09-08T04:06:49.124Z,2026-09-08T04:06:49.132Z,1,A,7.863,200,1.850,E1,
38,2026-09-08T04:06:49.175Z,2026-09-08T04:06:49.183Z,1,A,8.131,200,1.901,E1,
39,2026-09-08T04:06:49.225Z,2026-09-08T04:06:49.242Z,1,B,17.249,200,1.951,E1,
40,2026-09-08T04:06:49.271Z,2026-09-08T04:06:49.280Z,1,C,9.325,200,2.001,E1,
41,2026-09-08T04:06:49.321Z,2026-09-08T04:06:49.331Z,1,C,10.528,200,2.051,E1,
42,2026-09-08T04:06:49.371Z,2026-09-08T04:06:49.391Z,1,A,19.667,200,2.101,E1,
43,2026-09-08T04:06:49.421Z,2026-09-08T04:06:49.439Z,1,C,18.693,200,2.151,E1,
44,2026-09-08T04:06:49.472Z,2026-09-08T04:06:49.484Z,1,B,12.154,200,2.201,E1,
45,2026-09-08T04:06:49.520Z,2026-09-08T04:06:49.535Z,1,B,14.309,200,2.250,E1,
46,2026-09-08T04:06:49.571Z,2026-09-08T04:06:49.578Z,1,B,6.301,200,2.301,E1,
47,2026-09-08T04:06:49.621Z,2026-09-08T04:06:49.645Z,1,A,23.809,200,2.351,E1,
48,2026-09-08T04:06:49.670Z,2026-09-08T04:06:49.684Z,1,B,13.961,200,2.400,E1,
49,2026-09-08T04:06:49.722Z,2026-09-08T04:06:49.727Z,1,C,4.923,200,2.452,E1,
50,2026-09-08T04:06:49.771Z,2026-09-08T04:06:49.780Z,1,A,9.078,200,2.501,E1,
51,2026-09-08T04:06:49.821Z,2026-09-08T04:06:49.825Z,1,B,4.427,200,2.551,E1,
52,2026-09-08T04:06:49.871Z,2026-09-08T04:06:49.892Z,1,C,21.301,200,2.601,E1,
53,2026-09-08T04:06:49.920Z,2026-09-08T04:06:49.938Z,1,C,17.325,200,2.650,E1,
54,2026-09-08T04:06:49.970Z,2026-09-08T04:06:49.983Z,1,B,12.418,200,2.700,E1,
55,2026-09-08T04:06:50.021Z,2026-09-08T04:06:50.029Z,1,A,8.181,200,2.751,E1,
56,2026-09-08T04:06:50.070Z,2026-09-08T04:06:50.078Z,1,A,7.626,200,2.800,E1,
57,2026-09-08T04:06:50.120Z,2026-09-08T04:06:50.133Z,1,B,12.159,200,2.850,E1,
58,2026-09-08T04:06:50.171Z,2026-09-08T04:06:50.177Z,1,C,6.160,200,2.901,E1,
59,2026-09-08T04:06:50.220Z,2026-09-08T04:06:50.231Z,1,A,10.260,200,2.950,E1,
60,2026-09-08T04:06:50.271Z,2026-09-08T04:06:50.287Z,1,A,16.124,200,3.001,E1,
61,2026-09-08T04:06:50.321Z,2026-09-08T04:06:50.337Z,1,B,15.953,200,3.051,E1,
62,2026-09-08T04:06:50.371Z,2026-09-08T04:06:50.389Z,1,B,17.946,200,3.101,E1,
63,2026-09-08T04:06:50.420Z,2026-09-08T04:06:50.437Z,1,B,16.133,200,3.150,E1,
64,2026-09-08T04:06:50.471Z,2026-09-08T04:06:50.485Z,1,C,13.694,200,3.201,E1,
65,2026-09-08T04:06:50.521Z,2026-09-08T04:06:50.534Z,1,A,13.541,200,3.251,E1,
66,2026-09-08T04:06:50.571Z,2026-09-08T04:06:50.582Z,1,A,11.747,200,3.301,E1,
67,2026-09-08T04:06:50.621Z,2026-09-08T04:06:50.641Z,1,C,20.229,200,3.351,E1,
68,2026-09-08T04:06:50.671Z,2026-09-08T04:06:50.685Z,1,A,14.130,200,3.401,E1,
69,2026-09-08T04:06:50.721Z,2026-09-08T04:06:50.731Z,1,C,10.069,200,3.451,E1,
70,2026-09-08T04:06:50.770Z,2026-09-08T04:06:50.785Z,1,C,14.370,200,3.500,E1,
71,2026-09-08T04:06:50.820Z,2026-09-08T04:06:50.825Z,1,C,4.944,200,3.550,E1,
72,2026-09-08T04:06:50.871Z,2026-09-08T04:06:50.888Z,1,C,17.697,200,3.601,E1,
73,2026-09-08T04:06:50.921Z,2026-09-08T04:06:50.930Z,1,C,9.500,200,3.651,E1,
74,2026-09-08T04:06:50.971Z,2026-09-08T04:06:50.982Z,1,C,11.464,200,3.701,E1,
75,2026-09-08T04:06:51.020Z,2026-09-08T04:06:51.040Z,1,A,19.744,200,3.750,E1,
76,2026-09-08T04:06:51.071Z,2026-09-08T04:06:51.083Z,1,B,11.981,200,3.801,E1,
77,2026-09-08T04:06:51.121Z,2026-09-08T04:06:51.131Z,1,A,10.103,200,3.851,E1,
78,2026-09-08T04:06:51.170Z,2026-09-08T04:06:51.181Z,1,C,10.651,200,3.900,E1,
79,2026-09-08T04:06:51.221Z,2026-09-08T04:06:51.229Z,1,C,7.588,200,3.951,E1,
80,2026-09-08T04:06:51.270Z,2026-09-08T04:06:51.281Z,1,B,11.088,200,4.000,E1,
81,2026-09-08T04:06:51.321Z,2026-09-08T04:06:51.326Z,1,C,5.386,200,4.051,E1,
82,2026-09-08T04:06:51.370Z,2026-09-08T04:06:51.378Z,1,B,8.094,200,4.100,E1,
83,2026-09-08T04:06:51.420Z,2026-09-08T04:06:51.439Z,1,C,18.913,200,4.150,E1,
84,2026-09-08T04:06:51.471Z,2026-09-08T04:06:51.479Z,1,A,8.598,200,4.201,E1,
85,2026-09-08T04:06:51.521Z,2026-09-08T04:06:51.536Z,1,C,15.282,200,4.251,E1,
86,2026-09-08T04:06:51.571Z,2026-09-08T04:06:51.581Z,1,C,10.692,200,4.301,E1,
87,2026-09-08T04:06:51.621Z,2026-09-08T04:06:51.632Z,1,C,10.843,200,4.351,E1,
88,2026-09-08T04:06:51.671Z,2026-09-08T04:06:51.682Z,1,A,11.223,200,4.401,E1,
89,2026-09-08T04:06:51.721Z,2026-09-08T04:06:51.734Z,1,A,13.191,200,4.451,E1,
90,2026-09-08T04:06:51.770Z,2026-09-08T04:06:51.777Z,1,A,7.305,200,4.500,E1,
91,2026-09-08T04:06:51.821Z,2026-09-08T04:06:51.834Z,1,B,12.998,200,4.551,E1,
92,2026-09-08T04:06:51.870Z,2026-09-08T04:06:51.884Z,1,B,13.907,200,4.600,E1,
93,2026-09-08T04:06:51.921Z,2026-09-08T04:06:51.929Z,1,A,8.313,200,4.651,E1,
94,2026-09-08T04:06:51.971Z,2026-09-08T04:06:51.991Z,1,B,20.140,200,4.701,E1,
95,2026-09-08T04:06:52.021Z,2026-09-08T04:06:52.039Z,1,B,18.527,200,4.751,E1,
96,2026-09-08T04:06:52.071Z,2026-09-08T04:06:52.093Z,1,C,22.008,200,4.801,E1,
97,2026-09-08T04:06:52.121Z,2026-09-08T04:06:52.132Z,1,B,10.411,200,4.851,E1,
98,2026-09-08T04:06:52.171Z,2026-09-08T04:06:52.184Z,1,C,13.293,200,4.901,E1,
99,2026-09-08T04:06:52.220Z,2026-09-08T04:06:52.231Z,1,C,10.707,200,4.950,E1,
100,2026-09-08T04:06:52.271Z,2026-09-08T04:06:52.287Z,1,B,16.438,200,5.001,E1,
101,2026-09-08T04:06:52.321Z,2026-09-08T04:06:52.328Z,1,B,7.304,200,5.051,E1,
102,2026-09-08T04:06:52.371Z,2026-09-08T04:06:52.381Z,1,C,10.329,200,5.101,E1,
103,2026-09-08T04:06:52.421Z,2026-09-08T04:06:52.434Z,1,A,13.470,200,5.151,E1,
104,2026-09-08T04:06:52.471Z,2026-09-08T04:06:52.488Z,1,A,16.658,200,5.201,E1,
105,2026-09-08T04:06:52.520Z,2026-09-08T04:06:52.531Z,1,C,10.590,200,5.250,E1,
106,2026-09-08T04:06:52.571Z,2026-09-08T04:06:52.589Z,1,A,17.930,200,5.301,E1,
107,2026-09-08T04:06:52.621Z,2026-09-08T04:06:52.641Z,1,A,20.471,200,5.351,E1,
108,2026-09-08T04:06:52.671Z,2026-09-08T04:06:52.680Z,1,B,8.745,200,5.401,E1,
109,2026-09-08T04:06:52.721Z,2026-09-08T04:06:52.730Z,1,C,9.206,200,5.451,E1,
110,2026-09-08T04:06:52.771Z,2026-09-08T04:06:52.778Z,1,C,7.074,200,5.501,E1,
111,2026-09-08T04:06:52.821Z,2026-09-08T04:06:52.850Z,1,A,28.510,200,5.551,E1,
112,2026-09-08T04:06:52.870Z,2026-09-08T04:06:52.882Z,1,B,12.201,200,5.600,E1,
113,2026-09-08T04:06:52.921Z,2026-09-08T04:06:52.930Z,1,C,9.215,200,5.651,E1,
114,2026-09-08T04:06:52.970Z,2026-09-08T04:06:52.982Z,1,A,11.374,200,5.700,E1,
115,2026-09-08T04:06:53.020Z,2026-09-08T04:06:53.033Z,1,C,12.931,200,5.750,E1,
116,2026-09-08T04:06:53.071Z,2026-09-08T04:06:53.082Z,1,A,10.755,200,5.801,E1,
117,2026-09-08T04:06:53.120Z,2026-09-08T04:06:53.134Z,1,B,13.689,200,5.850,E1,
118,2026-09-08T04:06:53.170Z,2026-09-08T04:06:53.186Z,1,A,15.490,200,5.900,E1,
119,2026-09-08T04:06:53.220Z,2026-09-08T04:06:53.231Z,1,A,10.183,200,5.950,E1,
120,2026-09-08T04:06:53.271Z,2026-09-08T04:06:53.283Z,1,B,11.566,200,6.001,E1,
121,2026-09-08T04:06:53.320Z,2026-09-08T04:06:53.329Z,1,A,8.316,200,6.050,E1,
122,2026-09-08T04:06:53.371Z,2026-09-08T04:06:53.382Z,1,C,11.053,200,6.101,E1,
123,2026-09-08T04:06:53.421Z,2026-09-08T04:06:53.431Z,1,C,9.627,200,6.151,E1,
124,2026-09-08T04:06:53.470Z,2026-09-08T04:06:53.489Z,1,A,19.031,200,6.200,E1,
125,2026-09-08T04:06:53.521Z,2026-09-08T04:06:53.535Z,1,A,14.564,200,6.251,E1,
126,2026-09-08T04:06:53.571Z,2026-09-08T04:06:53.585Z,1,A,13.827,200,6.301,E1,
127,2026-09-08T04:06:53.620Z,2026-09-08T04:06:53.633Z,1,B,12.516,200,6.350,E1,
128,2026-09-08T04:06:53.670Z,2026-09-08T04:06:53.686Z,1,A,15.076,200,6.400,E1,
129,2026-09-08T04:06:53.721Z,2026-09-08T04:06:53.734Z,1,B,12.426,200,6.451,E1,
130,2026-09-08T04:06:53.771Z,2026-09-08T04:06:53.782Z,1,B,10.769,200,6.501,E1,
131,2026-09-08T04:06:53.821Z,2026-09-08T04:06:53.839Z,1,C,18.656,200,6.550,E1,
132,2026-09-08T04:06:53.871Z,2026-09-08T04:06:53.887Z,1,A,16.459,200,6.601,E1,
133,2026-09-08T04:06:53.921Z,2026-09-08T04:06:53.928Z,1,A,6.469,200,6.651,E1,
134,2026-09-08T04:06:53.971Z,2026-09-08T04:06:53.985Z,1,C,14.662,200,6.701,E1,
135,2026-09-08T04:06:54.020Z,2026-09-08T04:06:54.044Z,1,C,24.276,200,6.750,E1,
136,2026-09-08T04:06:54.071Z,2026-09-08T04:06:54.083Z,1,C,12.200,200,6.801,E1,
137,2026-09-08T04:06:54.121Z,2026-09-08T04:06:54.127Z,1,C,6.395,200,6.851,E1,
138,2026-09-08T04:06:54.171Z,2026-09-08T04:06:54.180Z,1,C,9.307,200,6.901,E1,
139,2026-09-08T04:06:54.221Z,2026-09-08T04:06:54.233Z,1,B,12.004,200,6.951,E1,
140,2026-09-08T04:06:54.270Z,2026-09-08T04:06:54.282Z,1,B,11.480,200,7.000,E1,
141,2026-09-08T04:06:54.320Z,2026-09-08T04:06:54.332Z,1,B,12.054,200,7.050,E1,
142,2026-09-08T04:06:54.371Z,2026-09-08T04:06:54.388Z,1,B,17.278,200,7.101,E1,
143,2026-09-08T04:06:54.421Z,2026-09-08T04:06:54.431Z,1,B,10.353,200,7.151,E1,
144,2026-09-08T04:06:54.471Z,2026-09-08T04:06:54.483Z,1,A,11.439,200,7.201,E1,
145,2026-09-08T04:06:54.521Z,2026-09-08T04:06:54.530Z,1,A,8.489,200,7.251,E1,
146,2026-09-08T04:06:54.570Z,2026-09-08T04:06:54.580Z,1,C,10.068,200,7.300,E1,
147,2026-09-08T04:06:54.620Z,2026-09-08T04:06:54.625Z,1,C,4.780,200,7.350,E1,
148,2026-09-08T04:06:54.670Z,2026-09-08T04:06:54.679Z,1,C,8.952,200,7.400,E1,
149,2026-09-08T04:06:54.721Z,2026-09-08T04:06:54.730Z,1,A,8.663,200,7.451,E1,
150,2026-09-08T04:06:54.771Z,2026-09-08T04:06:54.779Z,1,A,7.767,200,7.501,E1,
151,2026-09-08T04:06:54.820Z,2026-09-08T04:06:54.830Z,1,A,9.324,200,7.550,E1,
152,2026-09-08T04:06:54.871Z,2026-09-08T04:06:54.885Z,1,B,13.774,200,7.601,E1,
153,2026-09-08T04:06:54.921Z,2026-09-08T04:06:54.936Z,1,A,14.986,200,7.651,E1,
154,2026-09-08T04:06:54.971Z,2026-09-08T04:06:54.981Z,1,C,9.343,200,7.701,E1,
155,2026-09-08T04:06:55.021Z,2026-09-08T04:06:55.031Z,1,C,10.033,200,7.751,E1,
156,2026-09-08T04:06:55.071Z,2026-09-08T04:06:55.084Z,1,B,12.937,200,7.801,E1,
157,2026-09-08T04:06:55.121Z,2026-09-08T04:06:55.135Z,1,A,13.514,200,7.851,E1,
158,2026-09-08T04:06:55.170Z,2026-09-08T04:06:55.177Z,1,A,6.853,200,7.900,E1,
159,2026-09-08T04:06:55.221Z,2026-09-08T04:06:55.238Z,1,A,16.233,200,7.951,E1,
160,2026-09-08T04:06:55.271Z,2026-09-08T04:06:55.278Z,1,C,6.568,200,8.001,E1,
161,2026-09-08T04:06:55.321Z,2026-09-08T04:06:55.338Z,1,A,16.874,200,8.051,E1,
162,2026-09-08T04:06:55.371Z,2026-09-08T04:06:55.386Z,1,C,15.202,200,8.101,E1,
163,2026-09-08T04:06:55.421Z,2026-09-08T04:06:55.433Z,1,A,12.517,200,8.151,E1,
164,2026-09-08T04:06:55.470Z,2026-09-08T04:06:55.482Z,1,C,12.070,200,8.200,E1,
165,2026-09-08T04:06:55.521Z,2026-09-08T04:06:55.543Z,1,C,21.518,200,8.251,E1,
166,2026-09-08T04:06:55.571Z,2026-09-08T04:06:55.581Z,1,C,9.811,200,8.301,E1,
167,2026-09-08T04:06:55.621Z,2026-09-08T04:06:55.632Z,1,B,11.296,200,8.351,E1,
168,2026-09-08T04:06:55.670Z,2026-09-08T04:06:55.678Z,1,C,7.975,200,8.400,E1,
169,2026-09-08T04:06:55.721Z,2026-09-08T04:06:55.732Z,1,B,10.966,200,8.451,E1,
170,2026-09-08T04:06:55.771Z,2026-09-08T04:06:55.786Z,1,B,14.481,200,8.501,E1,
171,2026-09-08T04:06:55.820Z,2026-09-08T04:06:55.833Z,1,C,13.069,200,8.550,E1,
172,2026-09-08T04:06:55.871Z,2026-09-08T04:06:55.885Z,1,B,13.404,200,8.601,E1,
173,2026-09-08T04:06:55.921Z,2026-09-08T04:06:55.942Z,1,C,20.520,200,8.651,E1,
174,2026-09-08T04:06:55.971Z,2026-09-08T04:06:55.980Z,1,B,9.240,200,8.701,E1,
175,2026-09-08T04:06:56.020Z,2026-09-08T04:06:56.028Z,1,B,7.633,200,8.750,E1,
176,2026-09-08T04:06:56.070Z,2026-09-08T04:06:56.080Z,1,A,9.800,200,8.800,E1,
177,2026-09-08T04:06:56.121Z,2026-09-08T04:06:56.141Z,1,C,20.372,200,8.851,E1,
178,2026-09-08T04:06:56.171Z,2026-09-08T04:06:56.181Z,1,A,9.920,200,8.901,E1,
179,2026-09-08T04:06:56.221Z,2026-09-08T04:06:56.242Z,1,B,21.639,200,8.951,E1,
180,2026-09-08T04:06:56.270Z,2026-09-08T04:06:56.284Z,1,C,13.549,200,9.000,E1,
181,2026-09-08T04:06:56.320Z,2026-09-08T04:06:56.326Z,1,B,5.602,200,9.050,E1,
182,2026-09-08T04:06:56.370Z,2026-09-08T04:06:56.381Z,1,B,10.409,200,9.100,E1,
183,2026-09-08T04:06:56.421Z,2026-09-08T04:06:56.434Z,1,C,13.211,200,9.151,E1,
184,2026-09-08T04:06:56.470Z,2026-09-08T04:06:56.486Z,1,C,15.742,200,9.200,E1,
185,2026-09-08T04:06:56.521Z,2026-09-08T04:06:56.529Z,1,B,8.330,200,9.251,E1,
186,2026-09-08T04:06:56.571Z,2026-09-08T04:06:56.596Z,1,B,25.747,200,9.301,E1,
187,2026-09-08T04:06:56.621Z,2026-09-08T04:06:56.629Z,1,B,8.796,200,9.351,E1,
188,2026-09-08T04:06:56.671Z,2026-09-08T04:06:56.688Z,1,B,16.717,200,9.401,E1,
189,2026-09-08T04:06:56.720Z,2026-09-08T04:06:56.737Z,1,C,16.563,200,9.450,E1,
190,2026-09-08T04:06:56.771Z,2026-09-08T04:06:56.779Z,1,A,7.943,200,9.501,E1,
191,2026-09-08T04:06:56.821Z,2026-09-08T04:06:56.829Z,1,A,7.771,200,9.551,E1,
192,2026-09-08T04:06:56.871Z,2026-09-08T04:06:56.880Z,1,A,8.328,200,9.601,E1,
193,2026-09-08T04:06:56.921Z,2026-09-08T04:06:56.932Z,1,C,11.400,200,9.651,E1,
194,2026-09-08T04:06:56.970Z,2026-09-08T04:06:56.988Z,1,C,17.364,200,9.700,E1,
195,2026-09-08T04:06:57.021Z,2026-09-08T04:06:57.029Z,1,C,8.010,200,9.751,E1,
196,2026-09-08T04:06:57.071Z,2026-09-08T04:06:57.079Z,1,A,7.398,200,9.801,E1,
197,2026-09-08T04:06:57.121Z,2026-09-08T04:06:57.128Z,1,A,7.209,200,9.851,E1,
198,2026-09-08T04:06:57.171Z,2026-09-08T04:06:57.187Z,1,B,16.287,200,9.901,E1,
199,2026-09-08T04:06:57.220Z,2026-09-08T04:06:57.225Z,1,C,5.059,200,9.950,E1,
200,2026-09-08T04:06:57.271Z,2026-09-08T04:06:57.277Z,1,B,6.572,200,10.001,E1,
201,2026-09-08T04:06:57.321Z,2026-09-08T04:06:57.331Z,1,C,10.463,200,10.051,E1,
202,2026-09-08T04:06:57.371Z,2026-09-08T04:06:57.384Z,1,C,13.545,200,10.101,E1,
203,2026-09-08T04:06:57.421Z,2026-09-08T04:06:57.440Z,1,C,19.253,200,10.151,E1,
204,2026-09-08T04:06:57.471Z,2026-09-08T04:06:57.479Z,1,C,8.187,200,10.201,E1,
205,2026-09-08T04:06:57.520Z,2026-09-08T04:06:57.530Z,1,B,9.374,200,10.250,E1,
206,2026-09-08T04:06:57.570Z,2026-09-08T04:06:57.591Z,1,A,21.250,200,10.300,E1,
207,2026-09-08T04:06:57.621Z,2026-09-08T04:06:57.632Z,1,A,10.369,200,10.351,E1,
208,2026-09-08T04:06:57.672Z,2026-09-08T04:06:57.683Z,1,C,11.717,200,10.402,E1,
209,2026-09-08T04:06:57.721Z,2026-09-08T04:06:57.727Z,1,C,6.820,200,10.451,E1,
210,2026-09-08T04:06:57.771Z,2026-09-08T04:06:57.778Z,1,A,7.285,200,10.501,E1,
211,2026-09-08T04:06:57.820Z,2026-09-08T04:06:57.826Z,1,B,5.288,200,10.550,E1,
212,2026-09-08T04:06:57.871Z,2026-09-08T04:06:57.880Z,1,A,9.313,200,10.601,E1,
213,2026-09-08T04:06:57.920Z,2026-09-08T04:06:57.926Z,1,B,6.003,200,10.650,E1,
214,2026-09-08T04:06:57.971Z,2026-09-08T04:06:57.979Z,1,A,8.562,200,10.701,E1,
215,2026-09-08T04:06:58.021Z,2026-09-08T04:06:58.032Z,1,A,11.037,200,10.751,E1,
216,2026-09-08T04:06:58.071Z,2026-09-08T04:06:58.087Z,1,B,16.006,200,10.801,E1,
217,2026-09-08T04:06:58.120Z,2026-09-08T04:06:58.128Z,1,A,7.620,200,10.850,E1,
218,2026-09-08T04:06:58.176Z,2026-09-08T04:06:58.192Z,1,C,16.400,200,10.906,E1,
219,2026-09-08T04:06:58.221Z,2026-09-08T04:06:58.227Z,1,C,6.016,200,10.951,E1,
220,2026-09-08T04:06:58.271Z,2026-09-08T04:06:58.283Z,1,A,11.462,200,11.001,E1,
221,2026-09-08T04:06:58.320Z,2026-09-08T04:06:58.338Z,1,A,17.800,200,11.050,E1,
222,2026-09-08T04:06:58.371Z,2026-09-08T04:06:58.385Z,1,B,14.595,200,11.101,E1,
223,2026-09-08T04:06:58.421Z,2026-09-08T04:06:58.431Z,1,A,10.618,200,11.151,E1,
224,2026-09-08T04:06:58.471Z,2026-09-08T04:06:58.477Z,1,C,6.819,200,11.201,E1,
225,2026-09-08T04:06:58.521Z,2026-09-08T04:06:58.530Z,1,A,9.520,200,11.251,E1,
226,2026-09-08T04:06:58.571Z,2026-09-08T04:06:58.593Z,1,C,21.678,200,11.301,E1,
227,2026-09-08T04:06:58.621Z,2026-09-08T04:06:58.628Z,1,C,7.313,200,11.351,E1,
228,2026-09-08T04:06:58.675Z,2026-09-08T04:06:58.682Z,1,C,7.208,200,11.405,E1,
229,2026-09-08T04:06:58.721Z,2026-09-08T04:06:58.740Z,1,B,19.170,200,11.451,E1,
230,2026-09-08T04:06:58.770Z,2026-09-08T04:06:58.785Z,1,A,15.013,200,11.500,E1,
231,2026-09-08T04:06:58.821Z,2026-09-08T04:06:58.835Z,1,C,13.669,200,11.551,E1,
232,2026-09-08T04:06:58.871Z,2026-09-08T04:06:58.888Z,1,B,16.994,200,11.601,E1,
233,2026-09-08T04:06:58.921Z,2026-09-08T04:06:58.937Z,1,A,16.371,200,11.651,E1,
234,2026-09-08T04:06:58.971Z,2026-09-08T04:06:58.983Z,1,B,11.697,200,11.701,E1,
235,2026-09-08T04:06:59.021Z,2026-09-08T04:06:59.036Z,1,B,15.000,200,11.751,E1,
236,2026-09-08T04:06:59.071Z,2026-09-08T04:06:59.085Z,1,A,14.574,200,11.801,E1,
237,2026-09-08T04:06:59.122Z,2026-09-08T04:06:59.143Z,1,B,21.460,200,11.852,E1,
238,2026-09-08T04:06:59.171Z,2026-09-08T04:06:59.179Z,1,A,8.722,200,11.901,E1,
239,2026-09-08T04:06:59.221Z,2026-09-08T04:06:59.229Z,1,C,8.328,200,11.951,E1,
240,2026-09-08T04:06:59.271Z,2026-09-08T04:06:59.285Z,1,C,13.666,200,12.001,E1,
241,2026-09-08T04:06:59.321Z,2026-09-08T04:06:59.327Z,1,B,6.265,200,12.051,E1,
242,2026-09-08T04:06:59.371Z,2026-09-08T04:06:59.384Z,1,C,13.299,200,12.101,E1,
243,2026-09-08T04:06:59.420Z,2026-09-08T04:06:59.432Z,1,A,11.903,200,12.150,E1,
244,2026-09-08T04:06:59.470Z,2026-09-08T04:06:59.479Z,1,B,8.147,200,12.200,E1,
245,2026-09-08T04:06:59.521Z,2026-09-08T04:06:59.535Z,1,C,13.815,200,12.251,E1,
246,2026-09-08T04:06:59.571Z,2026-09-08T04:06:59.581Z,1,A,10.245,200,12.301,E1,
247,2026-09-08T04:06:59.621Z,2026-09-08T04:06:59.631Z,1,A,10.536,200,12.351,E1,
248,2026-09-08T04:06:59.670Z,2026-09-08T04:06:59.686Z,1,B,15.322,200,12.400,E1,
249,2026-09-08T04:06:59.721Z,2026-09-08T04:06:59.731Z,1,C,9.571,200,12.451,E1,
250,2026-09-08T04:06:59.770Z,2026-09-08T04:06:59.786Z,1,C,15.235,200,12.500,E1,
251,2026-09-08T04:06:59.821Z,2026-09-08T04:06:59.834Z,1,C,12.834,200,12.551,E1,
252,2026-09-08T04:06:59.871Z,2026-09-08T04:06:59.884Z,1,C,12.594,200,12.601,E1,
253,2026-09-08T04:06:59.921Z,2026-09-08T04:06:59.935Z,1,B,13.869,200,12.651,E1,
254,2026-09-08T04:06:59.971Z,2026-09-08T04:06:59.989Z,1,C,18.215,200,12.701,E1,
255,2026-09-08T04:07:00.021Z,2026-09-08T04:07:00.028Z,1,C,7.606,200,12.751,E1,
256,2026-09-08T04:07:00.070Z,2026-09-08T04:07:00.078Z,1,C,7.285,200,12.800,E1,
257,2026-09-08T04:07:00.121Z,2026-09-08T04:07:00.143Z,1,C,22.398,200,12.851,E1,
258,2026-09-08T04:07:00.171Z,2026-09-08T04:07:00.175Z,1,B,4.077,200,12.901,E1,
259,2026-09-08T04:07:00.221Z,2026-09-08T04:07:00.227Z,1,C,6.201,200,12.951,E1,
260,2026-09-08T04:07:00.270Z,2026-09-08T04:07:00.275Z,1,B,4.196,200,13.000,E1,
261,2026-09-08T04:07:00.321Z,2026-09-08T04:07:00.327Z,1,A,6.373,200,13.051,E1,
262,2026-09-08T04:07:00.371Z,2026-09-08T04:07:00.378Z,1,C,7.488,200,13.101,E1,
263,2026-09-08T04:07:00.420Z,2026-09-08T04:07:00.434Z,1,A,13.914,200,13.150,E1,
264,2026-09-08T04:07:00.471Z,2026-09-08T04:07:00.479Z,1,A,8.299,200,13.201,E1,
265,2026-09-08T04:07:00.520Z,2026-09-08T04:07:00.526Z,1,C,5.899,200,13.250,E1,
266,2026-09-08T04:07:00.571Z,2026-09-08T04:07:00.583Z,1,C,12.173,200,13.301,E1,
267,2026-09-08T04:07:00.621Z,2026-09-08T04:07:00.636Z,1,A,15.283,200,13.351,E1,
268,2026-09-08T04:07:00.671Z,2026-09-08T04:07:00.684Z,1,B,13.492,200,13.401,E1,
269,2026-09-08T04:07:00.721Z,2026-09-08T04:07:00.728Z,1,B,7.059,200,13.451,E1,
270,2026-09-08T04:07:00.770Z,2026-09-08T04:07:00.789Z,1,B,19.121,200,13.500,E1,
271,2026-09-08T04:07:00.821Z,2026-09-08T04:07:00.833Z,1,C,12.396,200,13.551,E1,
272,2026-09-08T04:07:00.871Z,2026-09-08T04:07:00.888Z,1,C,17.208,200,13.601,E1,
273,2026-09-08T04:07:00.921Z,2026-09-08T04:07:00.930Z,1,A,9.519,200,13.651,E1,
274,2026-09-08T04:07:00.971Z,2026-09-08T04:07:00.981Z,1,C,10.056,200,13.701,E1,
275,2026-09-08T04:07:01.021Z,2026-09-08T04:07:01.031Z,1,B,9.727,200,13.751,E1,
276,2026-09-08T04:07:01.071Z,2026-09-08T04:07:01.078Z,1,B,6.807,200,13.801,E1,
277,2026-09-08T04:07:01.120Z,2026-09-08T04:07:01.127Z,1,C,6.486,200,13.850,E1,
278,2026-09-08T04:07:01.171Z,2026-09-08T04:07:01.176Z,1,B,5.621,200,13.901,E1,
279,2026-09-08T04:07:01.221Z,2026-09-08T04:07:01.228Z,1,C,7.132,200,13.951,E1,
280,2026-09-08T04:07:01.270Z,2026-09-08T04:07:01.277Z,1,C,6.871,200,14.000,E1,
281,2026-09-08T04:07:01.321Z,2026-09-08T04:07:01.336Z,1,C,14.511,200,14.051,E1,
282,2026-09-08T04:07:01.371Z,2026-09-08T04:07:01.395Z,1,B,23.369,200,14.101,E1,
283,2026-09-08T04:07:01.421Z,2026-09-08T04:07:01.429Z,1,B,8.667,200,14.151,E1,
284,2026-09-08T04:07:01.471Z,2026-09-08T04:07:01.484Z,1,B,13.495,200,14.201,E1,
285,2026-09-08T04:07:01.521Z,2026-09-08T04:07:01.529Z,1,A,8.275,200,14.250,E1,
286,2026-09-08T04:07:01.571Z,2026-09-08T04:07:01.587Z,1,B,16.259,200,14.301,E1,
287,2026-09-08T04:07:01.621Z,2026-09-08T04:07:01.634Z,1,C,13.041,200,14.351,E1,
288,2026-09-08T04:07:01.671Z,2026-09-08T04:07:01.686Z,1,C,14.606,200,14.401,E1,
289,2026-09-08T04:07:01.721Z,2026-09-08T04:07:01.727Z,1,A,6.557,200,14.451,E1,
290,2026-09-08T04:07:01.771Z,2026-09-08T04:07:01.779Z,1,C,8.151,200,14.501,E1,
291,2026-09-08T04:07:01.820Z,2026-09-08T04:07:01.830Z,1,A,10.196,200,14.550,E1,
292,2026-09-08T04:07:01.871Z,2026-09-08T04:07:01.879Z,1,B,8.385,200,14.601,E1,
293,2026-09-08T04:07:01.921Z,2026-09-08T04:07:01.944Z,1,A,22.742,200,14.651,E1,
294,2026-09-08T04:07:01.970Z,2026-09-08T04:07:01.987Z,1,C,16.734,200,14.700,E1,
295,2026-09-08T04:07:02.021Z,2026-09-08T04:07:02.033Z,1,B,11.752,200,14.751,E1,
296,2026-09-08T04:07:02.071Z,2026-09-08T04:07:02.075Z,1,B,3.818,200,14.801,E1,
297,2026-09-08T04:07:02.121Z,2026-09-08T04:07:02.138Z,1,A,16.898,200,14.851,E1,
298,2026-09-08T04:07:02.171Z,2026-09-08T04:07:02.178Z,1,A,6.964,200,14.901,E1,
299,2026-09-08T04:07:02.220Z,2026-09-08T04:07:02.225Z,1,B,4.879,200,14.950,E1,
300,2026-09-08T04:07:02.270Z,2026-09-08T04:07:02.281Z,1,C,10.228,200,15.000,E1,
301,2026-09-08T04:07:02.321Z,2026-09-08T04:07:02.326Z,1,A,5.697,200,15.051,E1,
302,2026-09-08T04:07:02.371Z,2026-09-08T04:07:02.392Z,1,C,21.107,200,15.101,E1,
303,2026-09-08T04:07:02.421Z,2026-09-08T04:07:02.426Z,1,A,4.904,200,15.151,E1,
304,2026-09-08T04:07:02.471Z,2026-09-08T04:07:02.491Z,1,C,20.166,200,15.201,E1,
305,2026-09-08T04:07:02.520Z,2026-09-08T04:07:02.525Z,1,C,4.418,200,15.250,E1,
306,2026-09-08T04:07:02.571Z,2026-09-08T04:07:02.582Z,1,C,11.316,200,15.301,E1,
307,2026-09-08T04:07:02.621Z,2026-09-08T04:07:02.641Z,1,A,19.890,200,15.351,E1,
308,2026-09-08T04:07:02.671Z,2026-09-08T04:07:02.685Z,1,C,13.934,200,15.401,E1,
309,2026-09-08T04:07:02.721Z,2026-09-08T04:07:02.726Z,1,C,4.788,200,15.451,E1,
310,2026-09-08T04:07:02.771Z,2026-09-08T04:07:02.794Z,1,A,23.509,200,15.501,E1,
311,2026-09-08T04:07:02.821Z,2026-09-08T04:07:02.846Z,1,C,25.221,200,15.551,E1,
312,2026-09-08T04:07:02.871Z,2026-09-08T04:07:02.886Z,1,A,15.676,200,15.601,E1,
313,2026-09-08T04:07:02.921Z,2026-09-08T04:07:02.936Z,1,C,14.961,200,15.651,E1,
314,2026-09-08T04:07:02.971Z,2026-09-08T04:07:02.976Z,1,C,5.138,200,15.701,E1,
315,2026-09-08T04:07:03.020Z,2026-09-08T04:07:03.028Z,1,C,7.281,200,15.750,E1,
316,2026-09-08T04:07:03.071Z,2026-09-08T04:07:03.095Z,1,C,24.457,200,15.801,E1,
317,2026-09-08T04:07:03.120Z,2026-09-08T04:07:03.134Z,1,C,13.296,200,15.850,E1,
318,2026-09-08T04:07:03.171Z,2026-09-08T04:07:03.178Z,1,C,6.512,200,15.901,E1,
319,2026-09-08T04:07:03.221Z,2026-09-08T04:07:03.233Z,1,C,11.477,200,15.951,E1,
320,2026-09-08T04:07:03.271Z,2026-09-08T04:07:03.293Z,1,A,22.524,200,16.001,E1,
321,2026-09-08T04:07:03.321Z,2026-09-08T04:07:03.326Z,1,C,5.026,200,16.051,E1,
322,2026-09-08T04:07:03.371Z,2026-09-08T04:07:03.387Z,1,C,16.030,200,16.101,E1,
323,2026-09-08T04:07:03.420Z,2026-09-08T04:07:03.431Z,1,C,10.392,200,16.150,E1,
324,2026-09-08T04:07:03.470Z,2026-09-08T04:07:03.479Z,1,C,8.568,200,16.200,E1,
325,2026-09-08T04:07:03.521Z,2026-09-08T04:07:03.541Z,1,A,20.210,200,16.251,E1,
326,2026-09-08T04:07:03.570Z,2026-09-08T04:07:03.576Z,1,A,5.649,200,16.300,E1,
327,2026-09-08T04:07:03.620Z,2026-09-08T04:07:03.631Z,1,A,10.767,200,16.350,E1,
328,2026-09-08T04:07:03.670Z,2026-09-08T04:07:03.675Z,1,A,4.396,200,16.400,E1,
329,2026-09-08T04:07:03.720Z,2026-09-08T04:07:03.731Z,1,A,10.576,200,16.450,E1,
330,2026-09-08T04:07:03.771Z,2026-09-08T04:07:03.778Z,1,A,6.535,200,16.501,E1,
331,2026-09-08T04:07:03.821Z,2026-09-08T04:07:03.832Z,1,C,11.287,200,16.551,E1,
332,2026-09-08T04:07:03.871Z,2026-09-08T04:07:03.881Z,1,A,10.811,200,16.601,E1,
333,2026-09-08T04:07:03.921Z,2026-09-08T04:07:03.926Z,1,A,5.360,200,16.651,E1,
334,2026-09-08T04:07:03.970Z,2026-09-08T04:07:03.979Z,1,C,8.900,200,16.700,E1,
335,2026-09-08T04:07:04.020Z,2026-09-08T04:07:04.034Z,1,C,13.449,200,16.750,E1,
336,2026-09-08T04:07:04.071Z,2026-09-08T04:07:04.088Z,1,A,16.983,200,16.801,E1,
337,2026-09-08T04:07:04.120Z,2026-09-08T04:07:04.131Z,1,A,10.549,200,16.850,E1,
338,2026-09-08T04:07:04.170Z,2026-09-08T04:07:04.177Z,1,C,6.344,200,16.900,E1,
339,2026-09-08T04:07:04.221Z,2026-09-08T04:07:04.233Z,1,A,12.157,200,16.951,E1,
340,2026-09-08T04:07:04.271Z,2026-09-08T04:07:04.291Z,1,C,20.549,200,17.001,E1,
341,2026-09-08T04:07:04.320Z,2026-09-08T04:07:04.326Z,1,C,5.467,200,17.050,E1,
342,2026-09-08T04:07:04.371Z,2026-09-08T04:07:04.382Z,1,C,11.273,200,17.101,E1,
343,2026-09-08T04:07:04.421Z,2026-09-08T04:07:04.439Z,1,C,17.703,200,17.151,E1,
344,2026-09-08T04:07:04.471Z,2026-09-08T04:07:04.491Z,1,C,20.216,200,17.201,E1,
345,2026-09-08T04:07:04.521Z,2026-09-08T04:07:04.535Z,1,A,13.665,200,17.251,E1,
346,2026-09-08T04:07:04.571Z,2026-09-08T04:07:04.581Z,1,A,10.029,200,17.301,E1,
347,2026-09-08T04:07:04.621Z,2026-09-08T04:07:04.628Z,1,A,7.135,200,17.351,E1,
348,2026-09-08T04:07:04.670Z,2026-09-08T04:07:04.674Z,1,A,4.334,200,17.400,E1,
349,2026-09-08T04:07:04.721Z,2026-09-08T04:07:04.735Z,1,A,14.342,200,17.451,E1,
350,2026-09-08T04:07:04.771Z,2026-09-08T04:07:04.783Z,1,A,12.489,200,17.501,E1,
351,2026-09-08T04:07:04.821Z,2026-09-08T04:07:04.830Z,1,C,8.669,200,17.551,E1,
352,2026-09-08T04:07:04.871Z,2026-09-08T04:07:04.888Z,1,C,16.476,200,17.601,E1,
353,2026-09-08T04:07:04.921Z,2026-09-08T04:07:04.938Z,1,C,17.221,200,17.651,E1,
354,2026-09-08T04:07:04.971Z,2026-09-08T04:07:04.978Z,1,A,6.745,200,17.701,E1,
355,2026-09-08T04:07:05.020Z,2026-09-08T04:07:05.030Z,1,C,10.270,200,17.750,E1,
356,2026-09-08T04:07:05.071Z,2026-09-08T04:07:05.096Z,1,C,24.804,200,17.801,E1,
357,2026-09-08T04:07:05.120Z,2026-09-08T04:07:05.128Z,1,C,7.694,200,17.850,E1,
358,2026-09-08T04:07:05.171Z,2026-09-08T04:07:05.184Z,1,A,13.144,200,17.901,E1,
359,2026-09-08T04:07:05.221Z,2026-09-08T04:07:05.246Z,1,A,24.939,200,17.951,E1,
360,2026-09-08T04:07:05.271Z,2026-09-08T04:07:05.295Z,1,C,23.403,200,18.001,E1,
361,2026-09-08T04:07:05.321Z,2026-09-08T04:07:05.327Z,1,C,6.450,200,18.051,E1,
362,2026-09-08T04:07:05.370Z,2026-09-08T04:07:05.378Z,1,C,7.875,200,18.100,E1,
363,2026-09-08T04:07:05.420Z,2026-09-08T04:07:05.437Z,1,C,17.239,200,18.150,E1,
364,2026-09-08T04:07:05.471Z,2026-09-08T04:07:05.479Z,1,C,8.277,200,18.201,E1,
365,2026-09-08T04:07:05.520Z,2026-09-08T04:07:05.528Z,1,A,7.081,200,18.250,E1,
366,2026-09-08T04:07:05.571Z,2026-09-08T04:07:05.580Z,1,C,9.288,200,18.301,E1,
367,2026-09-08T04:07:05.621Z,2026-09-08T04:07:05.634Z,1,A,12.740,200,18.351,E1,
368,2026-09-08T04:07:05.670Z,2026-09-08T04:07:05.689Z,1,C,18.345,200,18.400,E1,
369,2026-09-08T04:07:05.721Z,2026-09-08T04:07:05.730Z,1,A,8.187,200,18.451,E1,
370,2026-09-08T04:07:05.771Z,2026-09-08T04:07:05.781Z,1,A,9.971,200,18.501,E1,
371,2026-09-08T04:07:05.821Z,2026-09-08T04:07:05.832Z,1,A,11.114,200,18.551,E1,
372,2026-09-08T04:07:05.871Z,2026-09-08T04:07:05.884Z,1,A,12.595,200,18.601,E1,
373,2026-09-08T04:07:05.921Z,2026-09-08T04:07:05.926Z,1,A,4.707,200,18.651,E1,
374,2026-09-08T04:07:05.971Z,2026-09-08T04:07:05.991Z,1,A,19.760,200,18.701,E1,
375,2026-09-08T04:07:06.021Z,2026-09-08T04:07:06.032Z,1,C,10.408,200,18.751,E1,
376,2026-09-08T04:07:06.071Z,2026-09-08T04:07:06.098Z,1,C,26.339,200,18.801,E1,
377,2026-09-08T04:07:06.121Z,2026-09-08T04:07:06.132Z,1,A,11.381,200,18.851,E1,
378,2026-09-08T04:07:06.171Z,2026-09-08T04:07:06.182Z,1,C,11.568,200,18.901,E1,
379,2026-09-08T04:07:06.221Z,2026-09-08T04:07:06.233Z,1,A,12.718,200,18.951,E1,
380,2026-09-08T04:07:06.271Z,2026-09-08T04:07:06.281Z,1,C,10.081,200,19.001,E1,
381,2026-09-08T04:07:06.321Z,2026-09-08T04:07:06.331Z,1,C,10.292,200,19.051,E1,
382,2026-09-08T04:07:06.371Z,2026-09-08T04:07:06.391Z,1,C,19.497,200,19.101,E1,
383,2026-09-08T04:07:06.421Z,2026-09-08T04:07:06.433Z,1,C,12.233,200,19.151,E1,
384,2026-09-08T04:07:06.470Z,2026-09-08T04:07:06.492Z,1,C,21.452,200,19.200,E1,
385,2026-09-08T04:07:06.521Z,2026-09-08T04:07:06.534Z,1,C,13.277,200,19.251,E1,
386,2026-09-08T04:07:06.571Z,2026-09-08T04:07:06.585Z,1,A,13.934,200,19.301,E1,
387,2026-09-08T04:07:06.621Z,2026-09-08T04:07:06.633Z,1,A,11.524,200,19.351,E1,
388,2026-09-08T04:07:06.670Z,2026-09-08T04:07:06.687Z,1,C,16.992,200,19.400,E1,
389,2026-09-08T04:07:06.721Z,2026-09-08T04:07:06.728Z,1,C,6.991,200,19.451,E1,
390,2026-09-08T04:07:06.770Z,2026-09-08T04:07:06.791Z,1,C,20.984,200,19.500,E1,
391,2026-09-08T04:07:06.821Z,2026-09-08T04:07:06.831Z,1,C,10.266,200,19.551,E1,
392,2026-09-08T04:07:06.871Z,2026-09-08T04:07:06.879Z,1,A,8.136,200,19.601,E1,
393,2026-09-08T04:07:06.921Z,2026-09-08T04:07:06.927Z,1,A,6.605,200,19.651,E1,
394,2026-09-08T04:07:06.971Z,2026-09-08T04:07:06.991Z,1,A,20.114,200,19.701,E1,
395,2026-09-08T04:07:07.021Z,2026-09-08T04:07:07.036Z,1,A,15.014,200,19.751,E1,
396,2026-09-08T04:07:07.071Z,2026-09-08T04:07:07.094Z,1,C,23.170,200,19.801,E1,
397,2026-09-08T04:07:07.121Z,2026-09-08T04:07:07.135Z,1,A,13.967,200,19.851,E1,
398,2026-09-08T04:07:07.171Z,2026-09-08T04:07:07.192Z,1,C,21.209,200,19.901,E1,
399,2026-09-08T04:07:07.220Z,2026-09-08T04:07:07.242Z,1,A,22.104,200,19.950,E1,
400,2026-09-08T04:07:07.271Z,2026-09-08T04:07:07.277Z,1,C,6.531,200,20.001,E1,
401,2026-09-08T04:07:07.321Z,2026-09-08T04:07:07.325Z,1,C,3.788,200,20.051,E1,
402,2026-09-08T04:07:07.371Z,2026-09-08T04:07:07.379Z,1,A,7.866,200,20.101,E1,
403,2026-09-08T04:07:07.421Z,2026-09-08T04:07:07.430Z,1,A,9.405,200,20.151,E1,
404,2026-09-08T04:07:07.471Z,2026-09-08T04:07:07.483Z,1,A,12.288,200,20.201,E1,
405,2026-09-08T04:07:07.524Z,2026-09-08T04:07:07.531Z,1,A,6.577,200,20.254,E1,
406,2026-09-08T04:07:07.572Z,2026-09-08T04:07:07.584Z,1,C,11.453,200,20.302,E1,
407,2026-09-08T04:07:07.622Z,2026-09-08T04:07:07.636Z,1,C,14.718,200,20.351,E1,
408,2026-09-08T04:07:07.670Z,2026-09-08T04:07:07.686Z,1,C,15.572,200,20.400,E1,
409,2026-09-08T04:07:07.721Z,2026-09-08T04:07:07.727Z,1,A,5.598,200,20.451,E1,
410,2026-09-08T04:07:07.770Z,2026-09-08T04:07:07.780Z,1,A,10.240,200,20.500,E1,
411,2026-09-08T04:07:07.820Z,2026-09-08T04:07:07.840Z,1,A,20.037,200,20.550,E1,
412,2026-09-08T04:07:07.880Z,2026-09-08T04:07:07.884Z,1,A,4.522,200,20.610,E1,
413,2026-09-08T04:07:07.921Z,2026-09-08T04:07:07.926Z,1,C,5.367,200,20.651,E1,
414,2026-09-08T04:07:07.970Z,2026-09-08T04:07:07.976Z,1,A,5.520,200,20.700,E1,
415,2026-09-08T04:07:08.020Z,2026-09-08T04:07:08.039Z,1,C,19.298,200,20.750,E1,
416,2026-09-08T04:07:08.071Z,2026-09-08T04:07:08.084Z,1,A,13.580,200,20.801,E1,
417,2026-09-08T04:07:08.120Z,2026-09-08T04:07:08.129Z,1,C,8.851,200,20.850,E1,
418,2026-09-08T04:07:08.170Z,2026-09-08T04:07:08.187Z,1,C,16.245,200,20.900,E1,
419,2026-09-08T04:07:08.221Z,2026-09-08T04:07:08.243Z,1,C,21.618,200,20.951,E1,
420,2026-09-08T04:07:08.271Z,2026-09-08T04:07:08.276Z,1,C,5.459,200,21.001,E1,
421,2026-09-08T04:07:08.321Z,2026-09-08T04:07:08.328Z,1,C,7.120,200,21.051,E1,
422,2026-09-08T04:07:08.371Z,2026-09-08T04:07:08.383Z,1,C,11.639,200,21.101,E1,
423,2026-09-08T04:07:08.420Z,2026-09-08T04:07:08.440Z,1,C,19.541,200,21.150,E1,
424,2026-09-08T04:07:08.470Z,2026-09-08T04:07:08.485Z,1,A,14.416,200,21.200,E1,
425,2026-09-08T04:07:08.520Z,2026-09-08T04:07:08.534Z,1,C,13.831,200,21.250,E1,
426,2026-09-08T04:07:08.571Z,2026-09-08T04:07:08.583Z,1,C,12.199,200,21.301,E1,
427,2026-09-08T04:07:08.621Z,2026-09-08T04:07:08.642Z,1,A,21.728,200,21.351,E1,
428,2026-09-08T04:07:08.671Z,2026-09-08T04:07:08.676Z,1,C,5.205,200,21.400,E1,
429,2026-09-08T04:07:08.721Z,2026-09-08T04:07:08.738Z,1,A,16.334,200,21.451,E1,
430,2026-09-08T04:07:08.771Z,2026-09-08T04:07:08.782Z,1,A,10.604,200,21.501,E1,
431,2026-09-08T04:07:08.820Z,2026-09-08T04:07:08.835Z,1,C,14.931,200,21.550,E1,
432,2026-09-08T04:07:08.871Z,2026-09-08T04:07:08.885Z,1,A,14.302,200,21.601,E1,
433,2026-09-08T04:07:08.920Z,2026-09-08T04:07:08.931Z,1,A,10.987,200,21.650,E1,
434,2026-09-08T04:07:08.971Z,2026-09-08T04:07:08.983Z,1,A,11.737,200,21.701,E1,
435,2026-09-08T04:07:09.020Z,2026-09-08T04:07:09.029Z,1,A,8.702,200,21.750,E1,
436,2026-09-08T04:07:09.071Z,2026-09-08T04:07:09.095Z,1,C,23.671,200,21.801,E1,
437,2026-09-08T04:07:09.120Z,2026-09-08T04:07:09.142Z,1,C,21.953,200,21.850,E1,
438,2026-09-08T04:07:09.171Z,2026-09-08T04:07:09.186Z,1,A,14.942,200,21.901,E1,
439,2026-09-08T04:07:09.220Z,2026-09-08T04:07:09.234Z,1,C,13.770,200,21.950,E1,
440,2026-09-08T04:07:09.271Z,2026-09-08T04:07:09.293Z,1,C,21.734,200,22.001,E1,
441,2026-09-08T04:07:09.321Z,2026-09-08T04:07:09.333Z,1,A,11.674,200,22.051,E1,
442,2026-09-08T04:07:09.370Z,2026-09-08T04:07:09.380Z,1,A,9.307,200,22.100,E1,
443,2026-09-08T04:07:09.421Z,2026-09-08T04:07:09.430Z,1,A,8.790,200,22.151,E1,
444,2026-09-08T04:07:09.471Z,2026-09-08T04:07:09.484Z,1,A,12.570,200,22.201,E1,
445,2026-09-08T04:07:09.520Z,2026-09-08T04:07:09.527Z,1,A,6.316,200,22.250,E1,
446,2026-09-08T04:07:09.570Z,2026-09-08T04:07:09.579Z,1,A,9.057,200,22.300,E1,
447,2026-09-08T04:07:09.621Z,2026-09-08T04:07:09.630Z,1,A,8.933,200,22.351,E1,
448,2026-09-08T04:07:09.670Z,2026-09-08T04:07:09.686Z,1,A,15.524,200,22.400,E1,
449,2026-09-08T04:07:09.721Z,2026-09-08T04:07:09.730Z,1,A,9.273,200,22.451,E1,
450,2026-09-08T04:07:09.771Z,2026-09-08T04:07:09.778Z,1,C,6.995,200,22.501,E1,
451,2026-09-08T04:07:09.821Z,2026-09-08T04:07:09.843Z,1,A,22.154,200,22.551,E1,
452,2026-09-08T04:07:09.870Z,2026-09-08T04:07:09.880Z,1,C,9.332,200,22.600,E1,
453,2026-09-08T04:07:09.921Z,2026-09-08T04:07:09.926Z,1,C,4.719,200,22.651,E1,
454,2026-09-08T04:07:09.971Z,2026-09-08T04:07:09.998Z,1,C,26.568,200,22.701,E1,
455,2026-09-08T04:07:10.021Z,2026-09-08T04:07:10.039Z,1,A,18.550,200,22.751,E1,
456,2026-09-08T04:07:10.071Z,2026-09-08T04:07:10.078Z,1,C,7.443,200,22.801,E1,
457,2026-09-08T04:07:10.121Z,2026-09-08T04:07:10.141Z,1,C,20.376,200,22.851,E1,
458,2026-09-08T04:07:10.170Z,2026-09-08T04:07:10.183Z,1,A,12.609,200,22.900,E1,
459,2026-09-08T04:07:10.221Z,2026-09-08T04:07:10.228Z,1,C,7.321,200,22.951,E1,
460,2026-09-08T04:07:10.271Z,2026-09-08T04:07:10.285Z,1,C,14.085,200,23.001,E1,
461,2026-09-08T04:07:10.320Z,2026-09-08T04:07:10.334Z,1,C,14.248,200,23.050,E1,
462,2026-09-08T04:07:10.371Z,2026-09-08T04:07:10.387Z,1,C,16.438,200,23.101,E1,
463,2026-09-08T04:07:10.421Z,2026-09-08T04:07:10.438Z,1,A,16.842,200,23.151,E1,
464,2026-09-08T04:07:10.471Z,2026-09-08T04:07:10.492Z,1,A,21.040,200,23.201,E1,
465,2026-09-08T04:07:10.521Z,2026-09-08T04:07:10.527Z,1,A,6.243,200,23.251,E1,
466,2026-09-08T04:07:10.570Z,2026-09-08T04:07:10.586Z,1,A,15.768,200,23.300,E1,
467,2026-09-08T04:07:10.621Z,2026-09-08T04:07:10.628Z,1,A,7.305,200,23.351,E1,
468,2026-09-08T04:07:10.670Z,2026-09-08T04:07:10.685Z,1,A,14.192,200,23.400,E1,
469,2026-09-08T04:07:10.721Z,2026-09-08T04:07:10.734Z,1,C,12.864,200,23.451,E1,
470,2026-09-08T04:07:10.771Z,2026-09-08T04:07:10.777Z,1,A,5.951,200,23.501,E1,
471,2026-09-08T04:07:10.821Z,2026-09-08T04:07:10.828Z,1,A,6.514,200,23.551,E1,
472,2026-09-08T04:07:10.871Z,2026-09-08T04:07:10.885Z,1,A,13.430,200,23.601,E1,
473,2026-09-08T04:07:10.921Z,2026-09-08T04:07:10.942Z,1,C,20.399,200,23.651,E1,
474,2026-09-08T04:07:10.971Z,2026-09-08T04:07:10.989Z,1,C,18.442,200,23.701,E1,
475,2026-09-08T04:07:11.021Z,2026-09-08T04:07:11.029Z,1,C,8.229,200,23.751,E1,
476,2026-09-08T04:07:11.071Z,2026-09-08T04:07:11.096Z,1,A,25.343,200,23.801,E1,
477,2026-09-08T04:07:11.121Z,2026-09-08T04:07:11.138Z,1,C,17.326,200,23.851,E1,
478,2026-09-08T04:07:11.171Z,2026-09-08T04:07:11.187Z,1,A,16.045,200,23.901,E1,
479,2026-09-08T04:07:11.220Z,2026-09-08T04:07:11.227Z,1,A,6.546,200,23.950,E1,
480,2026-09-08T04:07:11.271Z,2026-09-08T04:07:11.276Z,1,A,4.847,200,24.001,E1,
481,2026-09-08T04:07:11.321Z,2026-09-08T04:07:11.340Z,1,A,19.303,200,24.050,E1,
482,2026-09-08T04:07:11.370Z,2026-09-08T04:07:11.381Z,1,A,10.319,200,24.100,E1,
483,2026-09-08T04:07:11.421Z,2026-09-08T04:07:11.446Z,1,C,24.555,200,24.151,E1,
484,2026-09-08T04:07:11.471Z,2026-09-08T04:07:11.476Z,1,A,5.249,200,24.201,E1,
485,2026-09-08T04:07:11.521Z,2026-09-08T04:07:11.533Z,1,C,11.403,200,24.251,E1,
486,2026-09-08T04:07:11.570Z,2026-09-08T04:07:11.589Z,1,C,19.277,200,24.300,E1,
487,2026-09-08T04:07:11.621Z,2026-09-08T04:07:11.632Z,1,A,10.876,200,24.351,E1,
488,2026-09-08T04:07:11.671Z,2026-09-08T04:07:11.688Z,1,A,16.875,200,24.401,E1,
489,2026-09-08T04:07:11.720Z,2026-09-08T04:07:11.736Z,1,C,16.136,200,24.450,E1,
490,2026-09-08T04:07:11.771Z,2026-09-08T04:07:11.796Z,1,A,24.754,200,24.501,E1,
491,2026-09-08T04:07:11.821Z,2026-09-08T04:07:11.843Z,1,A,21.811,200,24.551,E1,
492,2026-09-08T04:07:11.870Z,2026-09-08T04:07:11.878Z,1,A,8.062,200,24.600,E1,
493,2026-09-08T04:07:11.921Z,2026-09-08T04:07:11.945Z,1,A,23.949,200,24.651,E1,
494,2026-09-08T04:07:11.971Z,2026-09-08T04:07:11.991Z,1,C,20.109,200,24.701,E1,
495,2026-09-08T04:07:12.020Z,2026-09-08T04:07:12.032Z,1,A,12.055,200,24.750,E1,
496,2026-09-08T04:07:12.071Z,2026-09-08T04:07:12.080Z,1,C,9.204,200,24.801,E1,
497,2026-09-08T04:07:12.120Z,2026-09-08T04:07:12.137Z,1,C,17.356,200,24.850,E1,
498,2026-09-08T04:07:12.171Z,2026-09-08T04:07:12.177Z,1,C,6.514,200,24.901,E1,
499,2026-09-08T04:07:12.220Z,2026-09-08T04:07:12.237Z,1,A,16.378,200,24.950,E1,
500,2026-09-08T04:07:12.271Z,2026-09-08T04:07:12.284Z,1,C,13.107,200,25.001,E1,
501,2026-09-08T04:07:12.321Z,2026-09-08T04:07:12.332Z,1,C,11.460,200,25.051,E1,
502,2026-09-08T04:07:12.370Z,2026-09-08T04:07:12.391Z,1,C,20.785,200,25.100,E1,
503,2026-09-08T04:07:12.420Z,2026-09-08T04:07:12.428Z,1,C,7.390,200,25.150,E1,
504,2026-09-08T04:07:12.470Z,2026-09-08T04:07:12.485Z,1,A,14.739,200,25.200,E1,
505,2026-09-08T04:07:12.520Z,2026-09-08T04:07:12.526Z,1,A,6.084,200,25.250,E1,
506,2026-09-08T04:07:12.570Z,2026-09-08T04:07:12.589Z,1,C,18.175,200,25.300,E1,
507,2026-09-08T04:07:12.621Z,2026-09-08T04:07:12.643Z,1,A,22.106,200,25.351,E1,
508,2026-09-08T04:07:12.670Z,2026-09-08T04:07:12.682Z,1,C,11.368,200,25.400,E1,
509,2026-09-08T04:07:12.721Z,2026-09-08T04:07:12.741Z,1,A,20.150,200,25.451,E1,
510,2026-09-08T04:07:12.770Z,2026-09-08T04:07:12.782Z,1,C,12.096,200,25.500,E1,
511,2026-09-08T04:07:12.821Z,2026-09-08T04:07:12.828Z,1,A,7.280,200,25.551,E1,
512,2026-09-08T04:07:12.870Z,2026-09-08T04:07:12.876Z,1,A,5.631,200,25.600,E1,
513,2026-09-08T04:07:12.921Z,2026-09-08T04:07:12.940Z,1,C,19.220,200,25.651,E1,
514,2026-09-08T04:07:12.971Z,2026-09-08T04:07:12.989Z,1,A,18.191,200,25.701,E1,
515,2026-09-08T04:07:13.021Z,2026-09-08T04:07:13.030Z,1,A,9.349,200,25.751,E1,
516,2026-09-08T04:07:13.071Z,2026-09-08T04:07:13.086Z,1,C,15.125,200,25.801,E1,
517,2026-09-08T04:07:13.121Z,2026-09-08T04:07:13.128Z,1,C,7.444,200,25.851,E1,
518,2026-09-08T04:07:13.171Z,2026-09-08T04:07:13.180Z,1,C,9.350,200,25.901,E1,
519,2026-09-08T04:07:13.220Z,2026-09-08T04:07:13.233Z,1,C,12.390,200,25.950,E1,
520,2026-09-08T04:07:13.271Z,2026-09-08T04:07:13.280Z,1,C,8.544,200,26.001,E1,
521,2026-09-08T04:07:13.321Z,2026-09-08T04:07:13.343Z,1,C,22.353,200,26.051,E1,
522,2026-09-08T04:07:13.371Z,2026-09-08T04:07:13.392Z,1,C,21.168,200,26.101,E1,
523,2026-09-08T04:07:13.421Z,2026-09-08T04:07:13.439Z,1,C,18.369,200,26.151,E1,
524,2026-09-08T04:07:13.471Z,2026-09-08T04:07:13.477Z,1,C,6.360,200,26.201,E1,
525,2026-09-08T04:07:13.520Z,2026-09-08T04:07:13.527Z,1,A,6.199,200,26.250,E1,
526,2026-09-08T04:07:13.571Z,2026-09-08T04:07:13.586Z,1,A,14.603,200,26.301,E1,
527,2026-09-08T04:07:13.621Z,2026-09-08T04:07:13.631Z,1,A,9.537,200,26.351,E1,
528,2026-09-08T04:07:13.671Z,2026-09-08T04:07:13.679Z,1,A,8.431,200,26.401,E1,
529,2026-09-08T04:07:13.721Z,2026-09-08T04:07:13.740Z,1,C,19.243,200,26.451,E1,
530,2026-09-08T04:07:13.771Z,2026-09-08T04:07:13.786Z,1,C,14.531,200,26.501,E1,
531,2026-09-08T04:07:13.821Z,2026-09-08T04:07:13.832Z,1,C,10.656,200,26.551,E1,
532,2026-09-08T04:07:13.871Z,2026-09-08T04:07:13.884Z,1,A,12.853,200,26.601,E1,
533,2026-09-08T04:07:13.920Z,2026-09-08T04:07:13.926Z,1,C,6.167,200,26.650,E1,
534,2026-09-08T04:07:13.971Z,2026-09-08T04:07:13.984Z,1,A,13.178,200,26.701,E1,
535,2026-09-08T04:07:14.021Z,2026-09-08T04:07:14.044Z,1,C,23.097,200,26.751,E1,
536,2026-09-08T04:07:14.071Z,2026-09-08T04:07:14.086Z,1,C,15.484,200,26.801,E1,
537,2026-09-08T04:07:14.120Z,2026-09-08T04:07:14.141Z,1,C,20.097,200,26.850,E1,
538,2026-09-08T04:07:14.170Z,2026-09-08T04:07:14.182Z,1,C,12.246,200,26.900,E1,
539,2026-09-08T04:07:14.221Z,2026-09-08T04:07:14.235Z,1,A,14.479,200,26.951,E1,
540,2026-09-08T04:07:14.271Z,2026-09-08T04:07:14.281Z,1,C,9.877,200,27.001,E1,
541,2026-09-08T04:07:14.320Z,2026-09-08T04:07:14.341Z,1,A,20.748,200,27.050,E1,
542,2026-09-08T04:07:14.370Z,2026-09-08T04:07:14.394Z,1,C,23.038,200,27.100,E1,
543,2026-09-08T04:07:14.421Z,2026-09-08T04:07:14.426Z,1,A,5.509,200,27.151,E1,
544,2026-09-08T04:07:14.471Z,2026-09-08T04:07:14.478Z,1,C,6.831,200,27.201,E1,
545,2026-09-08T04:07:14.520Z,2026-09-08T04:07:14.534Z,1,A,14.150,200,27.250,E1,
546,2026-09-08T04:07:14.571Z,2026-09-08T04:07:14.578Z,1,A,6.766,200,27.301,E1,
547,2026-09-08T04:07:14.621Z,2026-09-08T04:07:14.631Z,1,C,10.346,200,27.351,E1,
548,2026-09-08T04:07:14.671Z,2026-09-08T04:07:14.679Z,1,C,8.308,200,27.401,E1,
549,2026-09-08T04:07:14.721Z,2026-09-08T04:07:14.746Z,1,C,25.049,200,27.451,E1,
550,2026-09-08T04:07:14.771Z,2026-09-08T04:07:14.798Z,1,A,26.634,200,27.501,E1,
551,2026-09-08T04:07:14.821Z,2026-09-08T04:07:14.843Z,1,A,22.368,200,27.551,E1,
552,2026-09-08T04:07:14.871Z,2026-09-08T04:07:14.881Z,1,A,10.618,200,27.600,E1,
553,2026-09-08T04:07:14.921Z,2026-09-08T04:07:14.929Z,1,C,8.756,200,27.651,E1,
554,2026-09-08T04:07:14.971Z,2026-09-08T04:07:14.985Z,1,C,13.539,200,27.701,E1,
555,2026-09-08T04:07:15.021Z,2026-09-08T04:07:15.034Z,1,C,12.815,200,27.751,E1,
556,2026-09-08T04:07:15.071Z,2026-09-08T04:07:15.079Z,1,C,7.700,200,27.801,E1,
557,2026-09-08T04:07:15.120Z,2026-09-08T04:07:15.126Z,1,C,6.366,200,27.850,E1,
558,2026-09-08T04:07:15.171Z,2026-09-08T04:07:15.193Z,1,C,22.362,200,27.901,E1,
559,2026-09-08T04:07:15.220Z,2026-09-08T04:07:15.235Z,1,C,14.343,200,27.950,E1,
560,2026-09-08T04:07:15.271Z,2026-09-08T04:07:15.281Z,1,C,9.600,200,28.001,E1,
561,2026-09-08T04:07:15.321Z,2026-09-08T04:07:15.325Z,1,C,4.396,200,28.051,E1,
562,2026-09-08T04:07:15.370Z,2026-09-08T04:07:15.378Z,1,A,7.514,200,28.100,E1,
563,2026-09-08T04:07:15.422Z,2026-09-08T04:07:15.432Z,1,A,10.203,200,28.152,E1,
564,2026-09-08T04:07:15.471Z,2026-09-08T04:07:15.481Z,1,A,10.301,200,28.201,E1,
565,2026-09-08T04:07:15.521Z,2026-09-08T04:07:15.533Z,1,A,12.318,200,28.251,E1,
566,2026-09-08T04:07:15.570Z,2026-09-08T04:07:15.575Z,1,A,4.263,200,28.300,E1,
567,2026-09-08T04:07:15.621Z,2026-09-08T04:07:15.638Z,1,C,16.955,200,28.351,E1,
568,2026-09-08T04:07:15.670Z,2026-09-08T04:07:15.687Z,1,A,16.609,200,28.400,E1,
569,2026-09-08T04:07:15.720Z,2026-09-08T04:07:15.726Z,1,A,5.402,200,28.450,E1,
570,2026-09-08T04:07:15.771Z,2026-09-08T04:07:15.781Z,1,A,10.627,200,28.501,E1,
571,2026-09-08T04:07:15.821Z,2026-09-08T04:07:15.826Z,1,A,5.344,200,28.551,E1,
572,2026-09-08T04:07:15.871Z,2026-09-08T04:07:15.882Z,1,C,10.967,200,28.601,E1,
573,2026-09-08T04:07:15.921Z,2026-09-08T04:07:15.934Z,1,C,13.295,200,28.651,E1,
574,2026-09-08T04:07:15.971Z,2026-09-08T04:07:15.980Z,1,C,9.111,200,28.701,E1,
575,2026-09-08T04:07:16.021Z,2026-09-08T04:07:16.033Z,1,C,12.205,200,28.751,E1,
576,2026-09-08T04:07:16.071Z,2026-09-08T04:07:16.076Z,1,C,5.136,200,28.801,E1,
577,2026-09-08T04:07:16.120Z,2026-09-08T04:07:16.124Z,1,C,3.717,200,28.850,E1,
578,2026-09-08T04:07:16.170Z,2026-09-08T04:07:16.193Z,1,C,23.083,200,28.900,E1,
579,2026-09-08T04:07:16.221Z,2026-09-08T04:07:16.239Z,1,C,17.455,200,28.951,E1,
580,2026-09-08T04:07:16.271Z,2026-09-08T04:07:16.297Z,1,C,25.224,200,29.001,E1,
581,2026-09-08T04:07:16.321Z,2026-09-08T04:07:16.327Z,1,C,5.692,200,29.051,E1,
582,2026-09-08T04:07:16.371Z,2026-09-08T04:07:16.399Z,1,C,28.523,200,29.101,E1,
583,2026-09-08T04:07:16.421Z,2026-09-08T04:07:16.433Z,1,C,12.134,200,29.151,E1,
584,2026-09-08T04:07:16.473Z,2026-09-08T04:07:16.484Z,1,C,10.899,200,29.203,E1,
585,2026-09-08T04:07:16.520Z,2026-09-08T04:07:16.534Z,1,C,13.949,200,29.250,E1,
586,2026-09-08T04:07:16.571Z,2026-09-08T04:07:16.585Z,1,C,14.373,200,29.301,E1,
587,2026-09-08T04:07:16.621Z,2026-09-08T04:07:16.648Z,1,C,26.658,200,29.351,E1,
588,2026-09-08T04:07:16.671Z,2026-09-08T04:07:16.680Z,1,A,8.507,200,29.401,E1,
589,2026-09-08T04:07:16.721Z,2026-09-08T04:07:16.737Z,1,A,16.307,200,29.451,E1,
590,2026-09-08T04:07:16.771Z,2026-09-08T04:07:16.776Z,1,A,5.789,200,29.501,E1,
591,2026-09-08T04:07:16.821Z,2026-09-08T04:07:16.832Z,1,A,10.647,200,29.551,E1,
592,2026-09-08T04:07:16.871Z,2026-09-08T04:07:16.893Z,1,A,21.942,200,29.601,E1,
593,2026-09-08T04:07:16.920Z,2026-09-08T04:07:16.926Z,1,C,5.100,200,29.650,E1,
594,2026-09-08T04:07:16.970Z,2026-09-08T04:07:16.983Z,1,C,12.872,200,29.700,E1,
595,2026-09-08T04:07:17.021Z,2026-09-08T04:07:17.040Z,1,A,19.323,200,29.751,E1,
596,2026-09-08T04:07:17.071Z,2026-09-08T04:07:17.081Z,1,C,10.461,200,29.801,E1,
597,2026-09-08T04:07:17.121Z,2026-09-08T04:07:17.134Z,1,C,12.879,200,29.851,E1,
598,2026-09-08T04:07:17.171Z,2026-09-08T04:07:17.190Z,1,A,18.434,200,29.901,E1,
599,2026-09-08T04:07:17.221Z,2026-09-08T04:07:17.234Z,1,C,12.743,200,29.951,E1,
600,2026-09-08T04:07:17.271Z,2026-09-08T04:07:17.284Z,1,C,12.743,200,30.001,E1,
601,2026-09-08T04:07:17.321Z,2026-09-08T04:07:17.351Z,1,C,29.905,200,30.051,E1,
602,2026-09-08T04:07:17.371Z,2026-09-08T04:07:17.383Z,1,A,12.003,200,30.101,E1,
603,2026-09-08T04:07:17.420Z,2026-09-08T04:07:17.447Z,1,C,26.017,200,30.150,E1,
604,2026-09-08T04:07:17.471Z,2026-09-08T04:07:17.481Z,1,C,10.279,200,30.201,E1,
605,2026-09-08T04:07:17.520Z,2026-09-08T04:07:17.531Z,1,C,10.411,200,30.250,E1,
606,2026-09-08T04:07:17.571Z,2026-09-08T04:07:17.580Z,1,C,8.324,200,30.301,E1,
607,2026-09-08T04:07:17.621Z,2026-09-08T04:07:17.633Z,1,C,11.938,200,30.351,E1,
608,2026-09-08T04:07:17.670Z,2026-09-08T04:07:17.696Z,1,A,25.937,200,30.400,E1,
609,2026-09-08T04:07:17.720Z,2026-09-08T04:07:17.734Z,1,A,13.829,200,30.450,E1,
610,2026-09-08T04:07:17.771Z,2026-09-08T04:07:17.780Z,1,A,9.317,200,30.501,E1,
611,2026-09-08T04:07:17.820Z,2026-09-08T04:07:17.844Z,1,A,23.287,200,30.550,E1,
612,2026-09-08T04:07:17.871Z,2026-09-08T04:07:17.882Z,1,A,11.628,200,30.601,E1,
613,2026-09-08T04:07:17.921Z,2026-09-08T04:07:17.932Z,1,C,11.115,200,30.651,E1,
614,2026-09-08T04:07:17.971Z,2026-09-08T04:07:17.981Z,1,A,10.127,200,30.701,E1,
615,2026-09-08T04:07:18.020Z,2026-09-08T04:07:18.026Z,1,C,5.646,200,30.750,E1,
616,2026-09-08T04:07:18.070Z,2026-09-08T04:07:18.087Z,1,C,16.349,200,30.800,E1,
617,2026-09-08T04:07:18.121Z,2026-09-08T04:07:18.141Z,1,C,20.163,200,30.851,E1,
618,2026-09-08T04:07:18.170Z,2026-09-08T04:07:18.183Z,1,A,12.801,200,30.900,E1,
619,2026-09-08T04:07:18.221Z,2026-09-08T04:07:18.229Z,1,C,8.365,200,30.951,E1,
620,2026-09-08T04:07:18.270Z,2026-09-08T04:07:18.283Z,1,A,12.789,200,31.000,E1,
621,2026-09-08T04:07:18.321Z,2026-09-08T04:07:18.337Z,1,A,15.928,200,31.051,E1,
622,2026-09-08T04:07:18.371Z,2026-09-08T04:07:18.382Z,1,C,11.458,200,31.101,E1,
623,2026-09-08T04:07:18.421Z,2026-09-08T04:07:18.442Z,1,C,21.116,200,31.151,E1,
624,2026-09-08T04:07:18.471Z,2026-09-08T04:07:18.479Z,1,C,7.716,200,31.201,E1,
625,2026-09-08T04:07:18.521Z,2026-09-08T04:07:18.530Z,1,A,9.161,200,31.251,E1,
626,2026-09-08T04:07:18.571Z,2026-09-08T04:07:18.579Z,1,A,8.583,200,31.301,E1,
627,2026-09-08T04:07:18.621Z,2026-09-08T04:07:18.633Z,1,A,12.326,200,31.351,E1,
628,2026-09-08T04:07:18.671Z,2026-09-08T04:07:18.695Z,1,C,24.029,200,31.401,E1,
629,2026-09-08T04:07:18.720Z,2026-09-08T04:07:18.736Z,1,C,15.820,200,31.450,E1,
630,2026-09-08T04:07:18.771Z,2026-09-08T04:07:18.786Z,1,C,15.575,200,31.501,E1,
631,2026-09-08T04:07:18.821Z,2026-09-08T04:07:18.828Z,1,C,7.100,200,31.551,E1,
632,2026-09-08T04:07:18.871Z,2026-09-08T04:07:18.884Z,1,A,13.327,200,31.601,E1,
633,2026-09-08T04:07:18.921Z,2026-09-08T04:07:18.944Z,1,A,22.634,200,31.651,E1,
634,2026-09-08T04:07:18.970Z,2026-09-08T04:07:18.988Z,1,C,17.382,200,31.700,E1,
635,2026-09-08T04:07:19.020Z,2026-09-08T04:07:19.049Z,1,C,28.203,200,31.750,E1,
636,2026-09-08T04:07:19.070Z,2026-09-08T04:07:19.078Z,1,A,7.256,200,31.800,E1,
637,2026-09-08T04:07:19.120Z,2026-09-08T04:07:19.129Z,1,C,9.084,200,31.850,E1,
638,2026-09-08T04:07:19.171Z,2026-09-08T04:07:19.184Z,1,C,13.657,200,31.901,E1,
639,2026-09-08T04:07:19.221Z,2026-09-08T04:07:19.225Z,1,C,4.646,200,31.951,E1,
640,2026-09-08T04:07:19.268Z,2026-09-08T04:07:19.272Z,1,C,4.336,200,32.001,E1,
641,2026-09-08T04:07:19.318Z,2026-09-08T04:07:19.326Z,1,A,8.421,200,32.050,E1,
642,2026-09-08T04:07:19.368Z,2026-09-08T04:07:19.384Z,1,C,15.598,200,32.101,E1,
643,2026-09-08T04:07:19.418Z,2026-09-08T04:07:19.441Z,1,C,23.148,200,32.150,E1,
644,2026-09-08T04:07:19.469Z,2026-09-08T04:07:19.488Z,1,C,19.380,200,32.201,E1,
645,2026-09-08T04:07:19.518Z,2026-09-08T04:07:19.531Z,1,A,12.116,200,32.251,E1,
646,2026-09-08T04:07:19.568Z,2026-09-08T04:07:19.577Z,1,C,8.785,200,32.301,E1,
647,2026-09-08T04:07:19.619Z,2026-09-08T04:07:19.633Z,1,C,14.470,200,32.351,E1,
648,2026-09-08T04:07:19.668Z,2026-09-08T04:07:19.684Z,1,C,15.570,200,32.401,E1,
649,2026-09-08T04:07:19.719Z,2026-09-08T04:07:19.740Z,1,C,21.661,200,32.451,E1,
650,2026-09-08T04:07:19.768Z,2026-09-08T04:07:19.777Z,1,A,8.289,200,32.501,E1,
651,2026-09-08T04:07:19.818Z,2026-09-08T04:07:19.833Z,1,A,14.597,200,32.551,E1,
652,2026-09-08T04:07:19.868Z,2026-09-08T04:07:19.874Z,1,A,5.338,200,32.601,E1,
653,2026-09-08T04:07:19.918Z,2026-09-08T04:07:19.929Z,1,A,10.742,200,32.650,E1,
654,2026-09-08T04:07:19.968Z,2026-09-08T04:07:19.975Z,1,C,7.117,200,32.700,E1,
655,2026-09-08T04:07:20.018Z,2026-09-08T04:07:20.028Z,1,C,9.715,200,32.751,E1,
656,2026-09-08T04:07:20.068Z,2026-09-08T04:07:20.075Z,1,C,6.612,200,32.801,E1,
657,2026-09-08T04:07:20.118Z,2026-09-08T04:07:20.133Z,1,A,15.037,200,32.851,E1,
658,2026-09-08T04:07:20.169Z,2026-09-08T04:07:20.176Z,1,A,7.611,200,32.901,E1,
659,2026-09-08T04:07:20.218Z,2026-09-08T04:07:20.239Z,1,A,20.554,200,32.951,E1,
660,2026-09-08T04:07:20.268Z,2026-09-08T04:07:20.276Z,1,C,7.507,200,33.001,E1,
661,2026-09-08T04:07:20.318Z,2026-09-08T04:07:20.325Z,1,C,6.467,200,33.051,E1,
662,2026-09-08T04:07:20.368Z,2026-09-08T04:07:20.376Z,1,A,8.457,200,33.100,E1,
663,2026-09-08T04:07:20.418Z,2026-09-08T04:07:20.432Z,1,C,13.333,200,33.151,E1,
664,2026-09-08T04:07:20.469Z,2026-09-08T04:07:20.487Z,1,A,18.758,200,33.201,E1,
665,2026-09-08T04:07:20.518Z,2026-09-08T04:07:20.524Z,1,A,5.757,200,33.250,E1,
666,2026-09-08T04:07:20.569Z,2026-09-08T04:07:20.581Z,1,A,12.434,200,33.301,E1,
667,2026-09-08T04:07:20.618Z,2026-09-08T04:07:20.634Z,1,C,15.829,200,33.351,E1,
668,2026-09-08T04:07:20.668Z,2026-09-08T04:07:20.689Z,1,A,20.948,200,33.400,E1,
669,2026-09-08T04:07:20.718Z,2026-09-08T04:07:20.737Z,1,C,18.348,200,33.451,E1,
670,2026-09-08T04:07:20.768Z,2026-09-08T04:07:20.792Z,1,A,23.835,200,33.501,E1,
671,2026-09-08T04:07:20.819Z,2026-09-08T04:07:20.840Z,1,A,21.702,200,33.551,E1,
672,2026-09-08T04:07:20.868Z,2026-09-08T04:07:20.878Z,1,A,10.119,200,33.601,E1,
673,2026-09-08T04:07:20.918Z,2026-09-08T04:07:20.932Z,1,A,13.570,200,33.651,E1,
674,2026-09-08T04:07:20.969Z,2026-09-08T04:07:20.979Z,1,C,10.713,200,33.701,E1,
675,2026-09-08T04:07:21.018Z,2026-09-08T04:07:21.034Z,1,C,16.470,200,33.750,E1,
676,2026-09-08T04:07:21.068Z,2026-09-08T04:07:21.078Z,1,C,10.483,200,33.800,E1,
677,2026-09-08T04:07:21.118Z,2026-09-08T04:07:21.125Z,1,C,7.397,200,33.850,E1,
678,2026-09-08T04:07:21.168Z,2026-09-08T04:07:21.181Z,1,C,12.602,200,33.901,E1,
679,2026-09-08T04:07:21.218Z,2026-09-08T04:07:21.236Z,1,C,18.663,200,33.950,E1,
680,2026-09-08T04:07:21.268Z,2026-09-08T04:07:21.277Z,1,C,8.878,200,34.001,E1,
681,2026-09-08T04:07:21.318Z,2026-09-08T04:07:21.336Z,1,A,17.962,200,34.051,E1,
682,2026-09-08T04:07:21.369Z,2026-09-08T04:07:21.397Z,1,A,28.158,200,34.101,E1,
683,2026-09-08T04:07:21.418Z,2026-09-08T04:07:21.429Z,1,C,10.404,200,34.151,E1,
684,2026-09-08T04:07:21.468Z,2026-09-08T04:07:21.485Z,1,C,17.168,200,34.201,E1,
685,2026-09-08T04:07:21.518Z,2026-09-08T04:07:21.525Z,1,C,7.124,200,34.251,E1,
686,2026-09-08T04:07:21.568Z,2026-09-08T04:07:21.574Z,1,C,6.295,200,34.301,E1,
687,2026-09-08T04:07:21.618Z,2026-09-08T04:07:21.642Z,1,A,23.578,200,34.351,E1,
688,2026-09-08T04:07:21.669Z,2026-09-08T04:07:21.685Z,1,C,16.436,200,34.401,E1,
689,2026-09-08T04:07:21.718Z,2026-09-08T04:07:21.740Z,1,C,22.010,200,34.450,E1,
690,2026-09-08T04:07:21.768Z,2026-09-08T04:07:21.788Z,1,A,20.521,200,34.500,E1,
691,2026-09-08T04:07:21.818Z,2026-09-08T04:07:21.838Z,1,C,20.027,200,34.550,E1,
692,2026-09-08T04:07:21.869Z,2026-09-08T04:07:21.883Z,1,C,14.490,200,34.601,E1,
693,2026-09-08T04:07:21.918Z,2026-09-08T04:07:21.929Z,1,A,10.851,200,34.650,E1,
694,2026-09-08T04:07:21.968Z,2026-09-08T04:07:21.975Z,1,A,6.874,200,34.701,E1,
695,2026-09-08T04:07:22.018Z,2026-09-08T04:07:22.040Z,1,A,22.203,200,34.750,E1,
696,2026-09-08T04:07:22.068Z,2026-09-08T04:07:22.100Z,1,A,31.618,200,34.801,E1,
697,2026-09-08T04:07:22.118Z,2026-09-08T04:07:22.130Z,1,C,11.102,200,34.851,E1,
698,2026-09-08T04:07:22.168Z,2026-09-08T04:07:22.180Z,1,A,11.336,200,34.901,E1,
699,2026-09-08T04:07:22.219Z,2026-09-08T04:07:22.237Z,1,A,17.903,200,34.951,E1,
700,2026-09-08T04:07:22.268Z,2026-09-08T04:07:22.284Z,1,A,16.171,200,35.001,E1,
701,2026-09-08T04:07:22.318Z,2026-09-08T04:07:22.346Z,1,A,27.722,200,35.051,E1,
702,2026-09-08T04:07:22.368Z,2026-09-08T04:07:22.389Z,1,C,21.602,200,35.100,E1,
703,2026-09-08T04:07:22.418Z,2026-09-08T04:07:22.430Z,1,C,11.913,200,35.150,E1,
704,2026-09-08T04:07:22.468Z,2026-09-08T04:07:22.480Z,1,C,11.867,200,35.201,E1,
705,2026-09-08T04:07:22.518Z,2026-09-08T04:07:22.528Z,1,C,9.641,200,35.251,E1,
706,2026-09-08T04:07:22.568Z,2026-09-08T04:07:22.577Z,1,C,9.442,200,35.300,E1,
707,2026-09-08T04:07:22.618Z,2026-09-08T04:07:22.629Z,1,A,11.339,200,35.350,E1,
708,2026-09-08T04:07:22.668Z,2026-09-08T04:07:22.677Z,1,C,8.521,200,35.401,E1,
709,2026-09-08T04:07:22.719Z,2026-09-08T04:07:22.738Z,1,C,19.337,200,35.451,E1,
710,2026-09-08T04:07:22.768Z,2026-09-08T04:07:22.778Z,1,A,10.232,200,35.500,E1,
711,2026-09-08T04:07:22.818Z,2026-09-08T04:07:22.830Z,1,C,12.319,200,35.551,E1,
712,2026-09-08T04:07:22.868Z,2026-09-08T04:07:22.889Z,1,A,20.491,200,35.601,E1,
713,2026-09-08T04:07:22.918Z,2026-09-08T04:07:22.933Z,1,C,14.376,200,35.651,E1,
714,2026-09-08T04:07:22.968Z,2026-09-08T04:07:22.983Z,1,A,15.144,200,35.701,E1,
715,2026-09-08T04:07:23.018Z,2026-09-08T04:07:23.030Z,1,A,12.736,200,35.750,E1,
716,2026-09-08T04:07:23.068Z,2026-09-08T04:07:23.092Z,1,C,23.633,200,35.801,E1,
717,2026-09-08T04:07:23.118Z,2026-09-08T04:07:23.128Z,1,A,9.898,200,35.850,E1,
718,2026-09-08T04:07:23.168Z,2026-09-08T04:07:23.180Z,1,A,12.096,200,35.901,E1,
719,2026-09-08T04:07:23.218Z,2026-09-08T04:07:23.230Z,1,C,12.140,200,35.951,E1,
720,2026-09-08T04:07:23.268Z,2026-09-08T04:07:23.277Z,1,A,9.148,200,36.000,E1,
721,2026-09-08T04:07:23.318Z,2026-09-08T04:07:23.330Z,1,C,11.931,200,36.050,E1,
722,2026-09-08T04:07:23.368Z,2026-09-08T04:07:23.380Z,1,A,12.168,200,36.101,E1,
723,2026-09-08T04:07:23.418Z,2026-09-08T04:07:23.436Z,1,C,18.535,200,36.150,E1,
724,2026-09-08T04:07:23.468Z,2026-09-08T04:07:23.475Z,1,A,7.556,200,36.200,E1,
725,2026-09-08T04:07:23.518Z,2026-09-08T04:07:23.527Z,1,A,9.435,200,36.250,E1,
726,2026-09-08T04:07:23.568Z,2026-09-08T04:07:23.580Z,1,A,12.768,200,36.300,E1,
727,2026-09-08T04:07:23.618Z,2026-09-08T04:07:23.628Z,1,A,10.630,200,36.350,E1,
728,2026-09-08T04:07:23.668Z,2026-09-08T04:07:23.677Z,1,A,9.412,200,36.400,E1,
729,2026-09-08T04:07:23.718Z,2026-09-08T04:07:23.737Z,1,C,19.655,200,36.450,E1,
730,2026-09-08T04:07:23.768Z,2026-09-08T04:07:23.792Z,1,C,24.132,200,36.500,E1,
731,2026-09-08T04:07:23.819Z,2026-09-08T04:07:23.828Z,1,A,9.281,200,36.551,E1,
732,2026-09-08T04:07:23.868Z,2026-09-08T04:07:23.883Z,1,A,15.514,200,36.600,E1,
733,2026-09-08T04:07:23.918Z,2026-09-08T04:07:23.927Z,1,C,9.000,200,36.651,E1,
734,2026-09-08T04:07:23.968Z,2026-09-08T04:07:23.990Z,1,A,21.616,200,36.700,E1,
735,2026-09-08T04:07:24.018Z,2026-09-08T04:07:24.033Z,1,C,14.237,200,36.751,E1,
736,2026-09-08T04:07:24.068Z,2026-09-08T04:07:24.086Z,1,C,17.531,200,36.801,E1,
737,2026-09-08T04:07:24.118Z,2026-09-08T04:07:24.137Z,1,C,18.607,200,36.851,E1,
738,2026-09-08T04:07:24.168Z,2026-09-08T04:07:24.175Z,1,A,6.135,200,36.901,E1,
739,2026-09-08T04:07:24.218Z,2026-09-08T04:07:24.234Z,1,A,15.670,200,36.951,E1,
740,2026-09-08T04:07:24.268Z,2026-09-08T04:07:24.284Z,1,A,16.069,200,37.000,E1,
741,2026-09-08T04:07:24.318Z,2026-09-08T04:07:24.327Z,1,A,9.048,200,37.050,E1,
742,2026-09-08T04:07:24.369Z,2026-09-08T04:07:24.391Z,1,C,22.161,200,37.101,E1,
743,2026-09-08T04:07:24.418Z,2026-09-08T04:07:24.431Z,1,C,12.710,200,37.151,E1,
744,2026-09-08T04:07:24.468Z,2026-09-08T04:07:24.474Z,1,C,5.812,200,37.201,E1,
745,2026-09-08T04:07:24.518Z,2026-09-08T04:07:24.539Z,1,C,21.021,200,37.250,E1,
746,2026-09-08T04:07:24.568Z,2026-09-08T04:07:24.579Z,1,A,10.998,200,37.301,E1,
747,2026-09-08T04:07:24.618Z,2026-09-08T04:07:24.633Z,1,C,14.913,200,37.350,E1,
748,2026-09-08T04:07:24.668Z,2026-09-08T04:07:24.680Z,1,A,12.073,200,37.401,E1,
749,2026-09-08T04:07:24.718Z,2026-09-08T04:07:24.737Z,1,C,18.652,200,37.450,E1,
750,2026-09-08T04:07:24.768Z,2026-09-08T04:07:24.775Z,1,C,7.206,200,37.501,E1,
751,2026-09-08T04:07:24.818Z,2026-09-08T04:07:24.838Z,1,C,19.766,200,37.551,E1,
752,2026-09-08T04:07:24.869Z,2026-09-08T04:07:24.879Z,1,A,10.438,200,37.601,E1,
753,2026-09-08T04:07:24.918Z,2026-09-08T04:07:24.934Z,1,C,16.661,200,37.650,E1,
754,2026-09-08T04:07:24.968Z,2026-09-08T04:07:24.987Z,1,A,18.503,200,37.701,E1,
755,2026-09-08T04:07:25.018Z,2026-09-08T04:07:25.028Z,1,C,9.617,200,37.751,E1,
756,2026-09-08T04:07:25.068Z,2026-09-08T04:07:25.091Z,1,C,23.818,200,37.800,E1,
757,2026-09-08T04:07:25.118Z,2026-09-08T04:07:25.126Z,1,C,8.067,200,37.851,E1,
758,2026-09-08T04:07:25.168Z,2026-09-08T04:07:25.193Z,1,A,24.614,200,37.901,E1,
759,2026-09-08T04:07:25.219Z,2026-09-08T04:07:25.229Z,1,C,10.904,200,37.951,E1,
760,2026-09-08T04:07:25.268Z,2026-09-08T04:07:25.287Z,1,C,19.278,200,38.000,E1,
761,2026-09-08T04:07:25.318Z,2026-09-08T04:07:25.324Z,1,A,5.352,200,38.051,E1,
762,2026-09-08T04:07:25.368Z,2026-09-08T04:07:25.377Z,1,A,9.348,200,38.100,E1,
763,2026-09-08T04:07:25.419Z,2026-09-08T04:07:25.438Z,1,C,19.614,200,38.151,E1,
764,2026-09-08T04:07:25.467Z,2026-09-08T04:07:25.477Z,1,A,9.068,200,38.200,E1,
765,2026-09-08T04:07:25.518Z,2026-09-08T04:07:25.527Z,1,A,9.135,200,38.250,E1,
766,2026-09-08T04:07:25.568Z,2026-09-08T04:07:25.575Z,1,A,6.721,200,38.301,E1,
767,2026-09-08T04:07:25.619Z,2026-09-08T04:07:25.637Z,1,A,18.888,200,38.351,E1,
768,2026-09-08T04:07:25.668Z,2026-09-08T04:07:25.677Z,1,A,8.989,200,38.400,E1,
769,2026-09-08T04:07:25.718Z,2026-09-08T04:07:25.735Z,1,C,16.127,200,38.451,E1,
770,2026-09-08T04:07:25.768Z,2026-09-08T04:07:25.780Z,1,C,12.333,200,38.500,E1,
771,2026-09-08T04:07:25.819Z,2026-09-08T04:07:25.826Z,1,C,7.581,200,38.551,E1,
772,2026-09-08T04:07:25.868Z,2026-09-08T04:07:25.879Z,1,C,11.485,200,38.600,E1,
773,2026-09-08T04:07:25.919Z,2026-09-08T04:07:25.926Z,1,C,7.710,200,38.651,E1,
774,2026-09-08T04:07:25.968Z,2026-09-08T04:07:25.977Z,1,C,9.648,200,38.700,E1,
775,2026-09-08T04:07:26.018Z,2026-09-08T04:07:26.030Z,1,A,12.051,200,38.750,E1,
776,2026-09-08T04:07:26.069Z,2026-09-08T04:07:26.077Z,1,A,8.690,200,38.801,E1,
777,2026-09-08T04:07:26.118Z,2026-09-08T04:07:26.128Z,1,A,9.792,200,38.851,E1,
778,2026-09-08T04:07:26.169Z,2026-09-08T04:07:26.191Z,1,C,22.306,200,38.901,E1,
779,2026-09-08T04:07:26.219Z,2026-09-08T04:07:26.232Z,1,C,13.395,200,38.951,E1,
780,2026-09-08T04:07:26.269Z,2026-09-08T04:07:26.281Z,1,C,12.458,200,39.001,E1,
781,2026-09-08T04:07:26.319Z,2026-09-08T04:07:26.332Z,1,C,13.458,200,39.051,E1,
782,2026-09-08T04:07:26.368Z,2026-09-08T04:07:26.386Z,1,A,18.034,200,39.100,E1,
783,2026-09-08T04:07:26.418Z,2026-09-08T04:07:26.441Z,1,A,22.749,200,39.151,E1,
784,2026-09-08T04:07:26.468Z,2026-09-08T04:07:26.475Z,1,C,6.328,200,39.201,E1,
785,2026-09-08T04:07:26.518Z,2026-09-08T04:07:26.537Z,1,A,18.597,200,39.250,E1,
786,2026-09-08T04:07:26.568Z,2026-09-08T04:07:26.577Z,1,A,8.857,200,39.301,E1,
787,2026-09-08T04:07:26.618Z,2026-09-08T04:07:26.626Z,1,A,7.756,200,39.351,E1,
788,2026-09-08T04:07:26.668Z,2026-09-08T04:07:26.692Z,1,A,23.875,200,39.401,E1,
789,2026-09-08T04:07:26.718Z,2026-09-08T04:07:26.727Z,1,A,9.770,200,39.450,E1,
790,2026-09-08T04:07:26.768Z,2026-09-08T04:07:26.791Z,1,C,23.497,200,39.500,E1,
791,2026-09-08T04:07:26.818Z,2026-09-08T04:07:26.824Z,1,A,6.669,200,39.550,E1,
792,2026-09-08T04:07:26.868Z,2026-09-08T04:07:26.881Z,1,A,12.769,200,39.601,E1,
793,2026-09-08T04:07:26.918Z,2026-09-08T04:07:26.927Z,1,C,8.751,200,39.651,E1,
794,2026-09-08T04:07:26.968Z,2026-09-08T04:07:26.983Z,1,A,15.405,200,39.700,E1,
795,2026-09-08T04:07:27.019Z,2026-09-08T04:07:27.044Z,1,A,25.332,200,39.751,E1,
796,2026-09-08T04:07:27.068Z,2026-09-08T04:07:27.080Z,1,A,12.801,200,39.800,E1,
797,2026-09-08T04:07:27.118Z,2026-09-08T04:07:27.128Z,1,C,10.414,200,39.850,E1,
798,2026-09-08T04:07:27.168Z,2026-09-08T04:07:27.178Z,1,A,10.311,200,39.900,E1,
799,2026-09-08T04:07:27.219Z,2026-09-08T04:07:27.236Z,1,A,16.902,200,39.951,E1,
800,2026-09-08T04:07:27.268Z,2026-09-08T04:07:27.279Z,1,A,10.935,200,40.001,E1,
